Feature,Perm_Mean,Perm_Std
HOT_WATER_ENERGY_EFF_Good,0.11715991457812132,0.015782500562646434
IS_LOW_EFFICIENCY_HEATING,0.10530374654489134,0.011631552221237951
INSULATION_QUALITY_SCORE,0.10233926663779724,0.005447373227773316
MAINHEAT_ENERGY_EFF_Good,0.06477187247110605,0.013136676496915013
BUILT_FORM_Detached,0.04343946123024171,0.005417493901724474
NUMBER_HEATED_ROOMS,0.04089109970448177,0.005884333234043969
ROOF_ENERGY_EFF_Unknown,0.030300670770287398,0.007769855207615132
MAIN_FUEL_mains gas (not community),0.02930888500255797,0.011896908294519165
MECHANICAL_VENTILATION_natural,0.028993301889968116,0.01043159343209734
NUMBER_HABITABLE_ROOMS,0.02845572855594476,0.005151107701514318
"MAINHEAT_DESCRIPTION_Boiler and radiators, mains gas",0.02835724599505347,0.005632369899786892
ROOF_ENERGY_EFF_Good,0.0262477759879308,0.006276385869045285
FLOOR_DESCRIPTION_(another dwelling below),0.025106825088757147,0.0010980727233027951
WALLS_ENERGY_EFF_Good,0.02192605134658847,0.005152985368256639
"FLOOR_DESCRIPTION_Solid, no insulation (assumed)",0.02172541401817212,0.0047905105705481075
"FLOOR_DESCRIPTION_Suspended, no insulation (assumed)",0.02033287470749854,0.010000163351002705
MAINHEAT_ENERGY_EFF_Very Poor,0.019875946727203542,0.005030697181957631
MULTI_GLAZE_PROPORTION,0.01877857816506572,0.008353930157047211
HOT_WATER_ENERGY_EFF_Very Poor,0.018775243475441905,0.004034219861771335
WINDOWS_DESCRIPTION_Single glazed,0.018522151044080726,0.002307435420995934
PROPERTY_TYPE_Flat,0.018326488725226308,0.007189474242373089
ROOF_ENERGY_EFF_Very Poor,0.017863826782771985,0.0015763060488178395
MAIN_FUEL_Gas: mains gas,0.016801863051961873,0.003138409830173559
ROOF_DESCRIPTION_(another dwelling above),0.016699929129660496,0.007809352379020762
WALLS_ENERGY_EFF_Very Poor,0.0165076035841643,0.004949543427074921
HOT_WATER_ENERGY_EFF_Average,0.015846841062946027,0.005425063473427409
MECHANICAL_VENTILATION_Unknown,0.015809549259165646,0.004611670698408882
BUILT_FORM_Mid-Terrace,0.015610756272327064,0.0036329064325149383
PROPERTY_AGE_GROUP_1950-1966,0.014943728170024118,0.005744333007894652
CONSTRUCTION_AGE_BAND_England and Wales: 1950-1966,0.014943728170024118,0.005744333007894652
TRANSACTION_TYPE_rental,0.01449717487746085,0.0052952489364948225
MAINS_GAS_FLAG_N,0.01365809241009277,0.003442862443902309
LIGHTING_DESCRIPTION_Excellent lighting efficiency,0.013447732762641463,0.002222626469156332
CONSTRUCTION_AGE_BAND_2022,0.013295923852307222,0.004024299788058651
LOW_LIGHTING_BAND_76–100%,0.013067896494796094,0.0047267656321000676
FLOOR_DESCRIPTION_(other premises below),0.01294525860691902,0.0016709917094410234
FLOOR_AREA_BAND_<50 m²,0.012637737986811426,0.003662221092058919
WALLS_ENERGY_EFF_Very Good,0.011818675702596936,0.0028605124514396924
FLOOR_AREA_BAND_75–100 m²,0.011601377176872485,0.002580560787044617
WINDOWS_ENERGY_EFF_Very Poor,0.011552163220854662,0.0035445857441964135
LIGHTING_DESCRIPTION_Good lighting efficiency,0.011530026690393224,0.0013427877685971204
TRANSACTION_TYPE_new dwelling,0.011185892623903992,0.002554147505468701
WALLS_ENERGY_EFF_Average,0.010929357002558083,0.004680489462857433
WINDOWS_DESCRIPTION_Fully double glazed,0.010492741090834113,0.006770888026516612
LOW_ENERGY_LIGHTING,0.009901843890205386,0.004318431155459713
MAINHEAT_ENERGY_EFF_Average,0.00970166641685195,0.0024022953752409443
HOT_WATER_ENERGY_EFF_Very Good,0.009552639778793592,0.004862986864982102
"WALLS_DESCRIPTION_Cavity wall, filled cavity",0.009494010321578927,0.003098647010869857
NUMBER_OPEN_FIREPLACES,0.009404840874080533,0.002396928790955833
HOT_WATER_ENERGY_EFF_Poor,0.008713795231113685,0.005260360056990421
TOTAL_FLOOR_AREA,0.008186681512959804,0.002720630347541687
MAINS_GAS_FLAG_Unknown,0.00793792294672695,0.007522374008270737
SOLAR_WATER_HEATING_FLAG_Unknown,0.00793792294672695,0.007522374008270737
PROPERTY_AGE_GROUP_Unknown,0.007349103364983667,0.002778744515033562
"WALLS_DESCRIPTION_Cavity wall, as built, insulated (assumed)",0.007180908053483703,0.0012859024775890705
MAINHEAT_DESCRIPTION_Electric storage heaters,0.006812232190393197,0.003531495226874888
"MAINHEAT_DESCRIPTION_Boiler and radiators, LPG",0.006736554787243642,0.0007166663765760092
MAINHEATCONT_DESCRIPTION_Programmer and room thermostat,0.006657829935016779,0.0033416290102643823
WALLS_ENERGY_EFF_Poor,0.006569624879564429,0.0017115720595138066
FLOOR_DESCRIPTION_Average thermal transmittance 0.11 W/m-¦K,0.006463033620995007,0.00018547095690018157
ROOF_DESCRIPTION_Average thermal transmittance 0.07 W/m-¦K,0.006241997439686564,7.026574737167834e-05
ENERGY_TARIFF_dual,0.006186501227200436,0.004192379647927558
WINDOWS_ENERGY_EFF_Average,0.00614385719106898,0.011806431046118523
FLOOR_AREA_BAND_50–75 m²,0.006084128511079934,0.003617958381849966
CONSTRUCTION_AGE_BAND_2025,0.005932928693530082,0.00045514208650882583
"MAINHEAT_DESCRIPTION_Boiler and radiators, electric",0.005883650345300762,0.00027648298940952646
WINDOWS_ENERGY_EFF_Very Good,0.005606039708144684,0.0027684179948832327
"HOTWATER_DESCRIPTION_Electric immersion, off-peak",0.005518293361206595,0.00119069478229184
CONSTRUCTION_AGE_BAND_England and Wales: 1930-1949,0.005417843280796153,0.0025786361707331455
PROPERTY_AGE_GROUP_1930-1949,0.005417843280796153,0.0025786361707331455
LIGHTING_DESCRIPTION_Low energy lighting in 44% of fixed outlets,0.005356207407351987,6.191393049637849e-05
GLAZED_TYPE_not defined,0.005215020564733952,0.0016763520682277315
"MAINHEAT_DESCRIPTION_Boiler with radiators and underfloor heating, mains gas",0.005170545525124015,4.233364165293629e-05
PHOTO_SUPPLY,0.004968466746341993,0.002656661018434092
LOW_LIGHTING_BAND_0%,0.00473318796771931,0.000579978916316485
"ROOF_DESCRIPTION_Pitched, limited insulation (assumed)",0.004718260844488431,0.00011637875231905242
GLAZED_TYPE_double glazing installed during or after 2002,0.004555879827308695,0.004350294211215355
MAINHEAT_ENERGY_EFF_Poor,0.004469054070604606,0.0048087008609323445
"ROOF_DESCRIPTION_Flat, no insulation",0.004458914656059254,7.234443931207441e-05
"ROOF_DESCRIPTION_Pitched, 150 mm loft insulation",0.004445044050221125,0.0038620152692064847
SOLAR_WATER_HEATING_FLAG_N,0.004416061464761034,0.0030116799999368206
MAINHEAT_DESCRIPTION_No system present: electric heaters assumed,0.004408153869979325,0.00016235051353006788
LIGHTING_DESCRIPTION_Low energy lighting in 87% of fixed outlets,0.004397681972325995,6.252670456776004e-05
MAIN_FUEL_electricity (not community),0.004379403008712979,0.0035821573830916273
TENURE_Rented (private),0.004364916421292287,0.0022127008915912086
GLAZED_TYPE_double glazing installed before 2002,0.004357483536708706,0.0016367640504247553
GLAZED_AREA_More Than Typical,0.004249070341922878,0.0029357982613756202
MAINHEATC_ENERGY_EFF_Very Good,0.004133091949555601,0.003865679529258419
WINDOWS_ENERGY_EFF_Good,0.0040766291270788015,0.003329730054301005
BUILT_FORM_End-Terrace,0.003982341369818565,0.007016977835139673
TENURE_Rented (social),0.0038287670993182752,0.006115322417762148
"MAINHEATCONT_DESCRIPTION_Programmer, room thermostat and TRVs",0.003734566830332087,0.00422139447786857
GLAZED_AREA_Much More Than Typical,0.0036714648051143104,0.0006589024975697046
"MAINHEAT_DESCRIPTION_Air source heat pump, radiators, electric",0.0035758122656506463,0.0017867658580626577
ROOF_DESCRIPTION_Average thermal transmittance 0.11 W/m-¦K,0.0035552408048827866,0.002956144090907615
MAINHEATC_ENERGY_EFF_Good,0.0034310147849541117,0.004038139881211604
MAINHEAT_DESCRIPTION_Electric underfloor heating,0.003423591767139733,0.000823860103865052
BUILT_FORM_Enclosed Mid-Terrace,0.0033802219999422567,0.001213185678734314
HOTWATER_DESCRIPTION_Community scheme,0.003298960005332785,0.002477763935820054
"FLOOR_DESCRIPTION_Suspended, insulated (assumed)",0.0032167099246825925,0.002696826148296979
ENERGY_TARIFF_Single,0.0032002898367209376,0.004900824449028163
FLOOR_HEIGHT,0.0031619737111853842,0.003118280496295585
HAS_SOLAR_WATER_HEATING,0.0030581149466468284,0.004242773755761051
ROOF_DESCRIPTION_(other premises above),0.00296728375440809,0.0021056181948295623
MAINHEAT_ENERGY_EFF_Very Good,0.0028633344881863866,0.0009194496327332485
PROPERTY_AGE_GROUP_1967-1975,0.0027711406129341753,0.003585850251879831
CONSTRUCTION_AGE_BAND_England and Wales: 1967-1975,0.0027711406129341753,0.003585850251879831
LIGHTING_ENERGY_EFF_Average,0.002641715980272785,0.002504218417640867
MAIN_FUEL_oil (not community),0.0026205084595171124,0.003278538295058235
"FLOOR_DESCRIPTION_Suspended, limited insulation (assumed)",0.002475016170126221,0.0025093413309604435
WALLS_DESCRIPTION_Average thermal transmittance 0.25 W/m-¦K,0.002309208803171292,0.0024671441619740866
BUILT_FORM_Semi-Detached,0.0023067018767639613,0.006162654530804316
MAINHEATCONT_DESCRIPTION_Time and temperature zone control,0.0022148542110691505,0.004983453828102182
MAINHEATC_ENERGY_EFF_Poor,0.0021912012793173564,0.002013550552727895
BUILT_FORM_Not Recorded,0.0021849096583983927,0.0013898344051803302
"FLOOR_DESCRIPTION_To unheated space, no insulation (assumed)",0.0021481976984578212,0.0003588124676098799
MAIN_FUEL_bottled LPG,0.002065467095263007,0.0005206338478062999
ROOF_ENERGY_EFF_Very Good,0.002044385898662382,0.0022689610692395844
TRANSACTION_TYPE_non marketed sale,0.0019949121114376744,0.0003553522457570872
"MAINHEAT_DESCRIPTION_Room heaters, electric",0.001974378072913452,0.0028041463810435222
"FLOOR_DESCRIPTION_Solid, insulated",0.0019635886820480453,0.002542323324824889
TENURE_rental (social),0.0019523255296068243,0.00027533321034374324
"HOTWATER_DESCRIPTION_Electric immersion, standard tariff",0.0019366060268041663,0.0006658791326609605
"ROOF_DESCRIPTION_Pitched, insulated",0.0019179093072347886,0.0001287868969085954
FIXED_LIGHTING_OUTLETS_COUNT,0.0019100606934133514,0.0031138432737821934
"ROOF_DESCRIPTION_Flat, no insulation (assumed)",0.0018993675933074439,9.019972526202583e-05
LIGHTING_DESCRIPTION_Low energy lighting in 43% of fixed outlets,0.0018872036305379813,5.184791050181747e-05
WALLS_DESCRIPTION_Average thermal transmittance 0.27 W/m-¦K,0.0018645185320582901,0.0034165480466057116
LIGHTING_DESCRIPTION_Low energy lighting in 57% of fixed outlets,0.0018579759664109075,0.00042148076981176914
LIGHTING_DESCRIPTION_Low energy lighting in 90% of fixed outlets,0.0017691017184210845,0.0023114384526730274
LOW_LIGHTING_BAND_1–25%,0.0017633443644151869,0.0009572758911701157
WALLS_DESCRIPTION_Average thermal transmittance 0.18 W/m-¦K,0.0017611627163531152,0.004101960699277077
CONSTRUCTION_AGE_BAND_England and Wales: 2003-2006,0.0017527841407753097,0.0011988491234731667
PROPERTY_AGE_GROUP_2003-2006,0.0017527841407753097,0.0011988491234731667
CONSTRUCTION_AGE_BAND_Unknown,0.0017345456487426914,0.002454970825133581
LIGHTING_DESCRIPTION_Below average lighting efficiency,0.0016843246734590035,0.0017299840006656706
"ROOF_DESCRIPTION_Pitched, 250 mm loft insulation",0.0016655546134354937,0.0023776462427655505
ROOF_DESCRIPTION_Average thermal transmittance 0.18 W/m-¦K,0.0016398237090243795,0.0023064158027790286
"FLOOR_DESCRIPTION_Solid, limited insulation (assumed)",0.0016122018660336135,0.0025598784947836683
ENERGY_TARIFF_off-peak 7 hour,0.0015240763178741234,0.000994656583821888
"ROOF_DESCRIPTION_Pitched, 200 mm loft insulation",0.0015228201397126328,0.003940597404276163
MAINHEATCONT_DESCRIPTION_Manual charge control,0.0014655581581709543,0.0015407728092120974
PROPERTY_AGE_GROUP_1996-2002,0.001395657057305133,0.00344849193675206
CONSTRUCTION_AGE_BAND_England and Wales: 1996-2002,0.001395657057305133,0.00344849193675206
MAINHEATCONT_DESCRIPTION_Automatic charge control,0.0013811189858664364,0.0005283902883288417
MAINHEATCONT_DESCRIPTION_Programmer and room thermostats,0.0013800810248801865,0.00239756064387807
LIGHTING_ENERGY_EFF_Very Good,0.001334110160677815,0.0032321270522173975
LIGHTING_DESCRIPTION_Low energy lighting in 60% of fixed outlets,0.0013203980281031313,0.0017713970422971216
CONSTRUCTION_AGE_BAND_England and Wales: 2012-2021,0.0013161410387410922,0.0024465853870827784
"MAINHEAT_DESCRIPTION_Air source heat pump, underfloor, electric",0.0012073688108269697,0.0006385076975965929
CONSTRUCTION_AGE_BAND_2021,0.0012036545163108593,0.00064055428304437
"ROOF_DESCRIPTION_Pitched, insulated (assumed)",0.0012023733781163725,0.0028458910667184577
"WALLS_DESCRIPTION_Solid brick, as built, insulated (assumed)",0.0011754460948912638,0.0022842482414891334
MAIN_FUEL_LPG (not community),0.0011317439002332286,0.0005303135041698271
HEATED_ROOM_RATIO,0.0010861238561078457,0.00017985021188628752
WALLS_DESCRIPTION_Average thermal transmittance 0.19 W/m-¦K,0.0010455505107043184,0.00015631082212679635
"WALLS_DESCRIPTION_Cavity wall, as built, partial insulation (assumed)",0.001037995353222887,0.0006676596886104186
MAINHEATCONT_DESCRIPTION_Room thermostats only,0.0010284968630905889,0.0
LIGHTING_DESCRIPTION_Low energy lighting in 80% of fixed outlets,0.0010204095744430707,0.0019676241618963135
FLOOR_DESCRIPTION_Average thermal transmittance 0.14 W/m-¦K,0.000989612090909997,0.0025726852822936814
TRANSACTION_TYPE_Stock condition survey,0.0009445873381790815,0.0016740263524701003
MAINHEATCONT_DESCRIPTION_Appliance thermostats,0.0009403371926352211,0.00019027916491192763
"ROOF_DESCRIPTION_Pitched, no insulation (assumed)",0.0009127322474445032,0.0027891204619212044
WALLS_DESCRIPTION_Average thermal transmittance 0.2 W/m-¦K,0.0008888977903825035,6.602431299537565e-05
"ROOF_DESCRIPTION_Roof room(s), no insulation (assumed)",0.0008831545955198195,0.00041213816740075514
LOW_LIGHTING_BAND_51–75%,0.0008296168086655787,0.001542305745445454
MAINHEATC_ENERGY_EFF_Very Poor,0.0007790131416323786,0.00035669683060079234
LIGHTING_DESCRIPTION_Low energy lighting in all fixed outlets,0.0007780873205367911,0.0021722712014344146
WINDOWS_DESCRIPTION_Multiple glazing throughout,0.0007573225447360832,0.00016605186373092162
"MAINHEATCONT_DESCRIPTION_Programmer, TRVs and bypass",0.0007521508141376642,0.00030883704920482024
"WALLS_DESCRIPTION_Timber frame, as built, insulated (assumed)",0.0007238648720644836,0.0017511839416601818
PROPERTY_AGE_GROUP_2012+,0.0007160182909114132,0.00024103380153751963
CONSTRUCTION_AGE_BAND_England and Wales: 2012 onwards,0.0007160182909114132,0.00024103380153751963
GLAZED_AREA_Normal,0.0007021053179216529,0.004777375658816528
EXTENSION_COUNT,0.0006858210089585759,0.001200255849124051
ROOF_DESCRIPTION_Average thermal transmittance 0.10 W/m-¦K,0.0006845380036206716,0.0003427906361145677
LIGHTING_DESCRIPTION_Low energy lighting in 40% of fixed outlets,0.0006590917034090538,0.00013544591304831777
"ROOF_DESCRIPTION_Pitched, 350 mm loft insulation",0.0006413603988291827,0.0008166546162210685
FLOOR_DESCRIPTION_Average thermal transmittance 0.08 W/m-¦K,0.000635534055462883,0.00010321328486634227
MAINHEATCONT_DESCRIPTION_No thermostatic control of room temperature,0.0006282510064942182,8.819968871809357e-05
TRANSACTION_TYPE_none of the above,0.0005888350206649129,0.0003120637740933381
FLOOR_AREA_BAND_>200 m²,0.0005863870072763122,0.004469262292066356
"ROOF_DESCRIPTION_Pitched, 50 mm loft insulation",0.0005765659235834164,0.0006485252985535576
MAINHEATCONT_DESCRIPTION_Room thermostat and TRVs,0.0004990459868947861,0.0001750128736680655
MECHANICAL_VENTILATION_mechanical ventilation with heat recovery (MVHR),0.0004885861850363771,0.0007209982690180315
"WALLS_DESCRIPTION_System built, with external insulation",0.0004820737582563739,0.0002426002872400075
"MECHANICAL_VENTILATION_mechanical, extract only",0.0004741514277375014,0.0003599828882594124
FLOOR_DESCRIPTION_Average thermal transmittance 0.16 W/m-¦K,0.0004734615901311523,0.0004375065727600566
LIGHTING_DESCRIPTION_Low energy lighting in 33% of fixed outlets,0.00046109951047057507,0.0005547155397976008
WALLS_DESCRIPTION_Average thermal transmittance 0.28 W/m-¦K,0.0004557774519270419,6.435746989985219e-05
LIGHTING_ENERGY_EFF_Poor,0.000429345239164336,0.0005726960454325018
"ROOF_DESCRIPTION_Flat, limited insulation",0.0003901408186034683,0.0007285186122238904
PROPERTY_TYPE_Park home,0.0003808495372154885,0.0004841363082797486
WALLS_DESCRIPTION_Average thermal transmittance 0.29 W/m-¦K,0.000371405071442954,0.00019333346399973725
"WALLS_DESCRIPTION_Cavity wall, filled cavity and internal insulation",0.00036251779395475304,4.118655408996418e-05
"ROOF_DESCRIPTION_Pitched, 25 mm loft insulation",0.00036212872822569684,9.738661582925168e-05
FLOOR_DESCRIPTION_Average thermal transmittance 0.20 W/m-¦K,0.0003486871168326466,0.0005806967160093345
"MAINHEAT_DESCRIPTION_Boiler and underfloor heating, oil",0.00034450917234045696,0.00016411277743402542
FLOOR_DESCRIPTION_Average thermal transmittance 0.70 W/m-¦K,0.0003413501903025473,6.19146270463247e-05
CONSTRUCTION_AGE_BAND_England and Wales: 1983-1990,0.00034128884400290714,0.0031381560406748303
PROPERTY_AGE_GROUP_1983-1990,0.00034128884400290714,0.0031381560406748303
LIGHTING_DESCRIPTION_Low energy lighting in 35% of fixed outlets,0.0003380985150134297,0.0
"MAINHEAT_DESCRIPTION_Air source heat pump, radiators, electric, Air source heat pump, underfloor, electric",0.0003380985150134297,0.0
TENURE_unknown,0.00033368825850543793,0.00025159967866835787
WINDOWS_DESCRIPTION_Full secondary glazing,0.0003221942309459269,0.00047855181504014043
ROOF_DESCRIPTION_Pitched,0.00031765770422957916,0.0002481577157747065
"MAINHEAT_DESCRIPTION_Boiler and underfloor heating, mains gas, Boiler and radiators, mains gas",0.0003063177311313003,8.801870797552801e-05
WALLS_DESCRIPTION_Average thermal transmittance 0.23 W/m-¦K,0.0003049853259625701,0.00039128564019100297
LIGHTING_DESCRIPTION_Low energy lighting in 14% of fixed outlets,0.00029978873327871634,0.00021404730829454878
MAIN_FUEL_Gas: bulk LPG,0.00028783423371514516,0.00016787803879527122
"ROOF_DESCRIPTION_Pitched, 400+ mm loft insulation",0.00027447450257453985,0.0007852957181253843
LIGHTING_DESCRIPTION_Low energy lighting in 46% of fixed outlets,0.00027331907562080373,0.00039964980113855043
"MAINHEAT_DESCRIPTION_Boiler and radiators, oil, Boiler and radiators, oil",0.00027047881201074374,0.00013523940600537187
LIGHTING_DESCRIPTION_Low energy lighting in 76% of fixed outlets,0.00026641488652292546,0.0007389269791469224
WINDOWS_DESCRIPTION_Mostly double glazing,0.00024200117065846792,0.00013121809783260316
ENERGY_TARIFF_off-peak 18 hour,0.00023795497046379398,3.583146773253887e-05
CONSTRUCTION_AGE_BAND_2019,0.00023571549273986302,0.0004200918755243646
WALLS_DESCRIPTION_Average thermal transmittance 0.15 W/m-¦K,0.00023461917460783078,8.018144547927311e-05
"MAINHEATCONT_DESCRIPTION_Charging system linked to use of community heating, programmer and TRVs",0.00022154708832684556,0.0001510065249289574
LIGHTING_DESCRIPTION_Low energy lighting in 93% of fixed outlets,0.00022003923659752456,0.0
WALLS_DESCRIPTION_Average thermal transmittance 0.40 W/m-¦K,0.00022003923659752456,0.0
"MAINHEAT_DESCRIPTION_Warm air, mains gas, Boiler and radiators, mains gas",0.00022003923659752456,0.0
"MECHANICAL_VENTILATION_mechanical, supply and extract",0.0002103814445288954,0.0005492126770288299
"MAINHEAT_DESCRIPTION_Boiler with radiators and underfloor heating, oil",0.00020569937261811778,0.00041139874523623556
WINDOWS_DESCRIPTION_Mostly multiple glazing,0.00020569937261811778,0.00041139874523623556
TRANSACTION_TYPE_following green deal,0.00020569937261811778,0.00041139874523623556
FLOOR_DESCRIPTION_Average thermal transmittance 0.23 W/m-¦K,0.0002048098662144504,0.00013409347617142584
MAINHEATCONT_DESCRIPTION_Programmer and at least two room thermostats,0.00019951438129783838,0.00024741220186776943
"MAINHEAT_DESCRIPTION_Air source heat pump, radiators and underfloor, electric",0.0001937283389981781,0.00049912847414171
"WALLS_DESCRIPTION_System built, as built, insulated (assumed)",0.00019369436920519957,0.0003277802280496927
"FLOOR_DESCRIPTION_To external air, insulated (assumed)",0.00017589718546142663,0.00015041314771911552
BUILT_FORM_Unknown,0.0001756931366240222,0.0
ENERGY_TARIFF_24 hour,0.00017262606978336593,0.00019095220720624734
LIGHTING_DESCRIPTION_Low energy lighting in 74% of fixed outlets,0.00017060683362641883,0.000434294714752348
ROOF_DESCRIPTION_Average thermal transmittance 0.13 W/m-¦K,0.00015818383949279814,0.00017911383597384216
LIGHTING_DESCRIPTION_Low energy lighting in 86% of fixed outlets,0.000155461421022407,0.0005382863822287189
WALLS_DESCRIPTION_Average thermal transmittance 0.17 W/m-¦K,0.00015344072700866905,0.00016777420146031044
WALLS_DESCRIPTION_Average thermal transmittance 0.30 W/m-¦K,0.00013281061889425239,0.0004543112479215409
"MAINHEAT_DESCRIPTION_Boiler and radiators, mains gas, Electric underfloor heating",0.00013034355962158184,9.672648641224483e-05
FLOOR_DESCRIPTION_Average thermal transmittance 0.13 W/m-¦K,0.00011920935179521308,0.0003148997868559861
GLAZED_AREA_NO DATA!,0.00011693092669347038,0.0001315351936321887
GLAZED_TYPE_NO DATA!,0.00011693092669347038,0.0001315351936321887
MECHANICAL_VENTILATION_NO DATA!,0.00011693092669347038,0.0001315351936321887
FLOOR_DESCRIPTION_Average thermal transmittance 0.21 W/m-¦K,0.0001092824125136893,0.0001770367075944761
HOTWATER_DESCRIPTION_Electric instantaneous at point of use,0.00010784074350829176,0.00020129374141370006
"ROOF_DESCRIPTION_Roof room(s), limited insulation (assumed)",0.00010583410413234073,0.0
"MAINHEAT_DESCRIPTION_Air source heat pump, underfloor, electric, Air source heat pump, underfloor, electric",0.00010583410413234073,0.0
LIGHTING_DESCRIPTION_Low energy lighting in 63% of fixed outlets,0.00010275833032749037,0.0001359281515011556
FLOOR_DESCRIPTION_Average thermal transmittance 0.1 W/m-¦K,0.00010044115659506581,0.0001458364133091224
"FLOOR_DESCRIPTION_Suspended, insulated",9.849851073251426e-05,0.00019318743949904725
WALLS_DESCRIPTION_Average thermal transmittance 0.22 W/m-¦K,8.749640426557459e-05,0.00011167257766101478
WALLS_DESCRIPTION_Average thermal transmittance 0.13 W/m-¦K,8.637232550796625e-05,0.0001727446510159325
TRANSACTION_TYPE_RHI application,8.467500745317214e-05,7.921137822907898e-05
"HOTWATER_DESCRIPTION_From main system, flue gas heat recovery",8.466728330587258e-05,4.233364165293629e-05
ROOF_DESCRIPTION_Average thermal transmittance 0.12 W/m-¦K,7.536586719467664e-05,0.0008562375042525464
"WALLS_DESCRIPTION_Park home wall, as built",7.204081158045384e-05,0.00048713757606649275
CONSTRUCTION_AGE_BAND_2018,7.05921577221602e-05,0.0003109964199641439
"MAINHEAT_DESCRIPTION_Boiler & underfloor, mains gas",6.91942976555282e-05,0.00013945878867632246
HOTWATER_DESCRIPTION_Gas multipoint,6.517466814597306e-05,8.761214116802302e-05
MAINHEATCONT_DESCRIPTION_TRVs and bypass,5.8670021379381154e-05,0.0001879160992120615
"HOTWATER_DESCRIPTION_Electric immersion, standard tariff, plus solar",5.8192952328850464e-05,6.279546915486379e-05
WALLS_DESCRIPTION_Average thermal transmittance 0.20 W/m-¦K,5.6804350002614965e-05,0.00018541136215363444
LIGHTING_DESCRIPTION_Low energy lighting in 70% of fixed outlets,5.42567248280168e-05,0.00011703463315531956
ROOF_DESCRIPTION_Average thermal transmittance 0.2 W/m-¦K,5.375441214376942e-05,4.389029372516756e-05
FLOOR_DESCRIPTION_Solid,4.927738477897847e-05,6.398476046817769e-05
LIGHTING_DESCRIPTION_Low energy lighting in 94% of fixed outlets,4.728652149119661e-05,8.463720566015164e-05
ROOF_DESCRIPTION_Average thermal transmittance 0.27 W/m-¦K,4.400784731950491e-05,8.801569463900982e-05
FLOOR_DESCRIPTION_Average thermal transmittance 0.09 W/m-¦K,4.400784731950491e-05,8.801569463900982e-05
"FLOOR_DESCRIPTION_To unheated space, limited insulation (assumed)",4.400784731950491e-05,8.801569463900982e-05
LIGHTING_DESCRIPTION_Low energy lighting in 68% of fixed outlets,4.400784731950491e-05,8.801569463900984e-05
LIGHTING_DESCRIPTION_Low energy lighting in 29% of fixed outlets,3.8389156011420235e-05,6.893995964461297e-05
LIGHTING_DESCRIPTION_Low energy lighting in 83% of fixed outlets,3.697058092897443e-05,0.00013316445586437716
FLOOR_DESCRIPTION_Average thermal transmittance 0.35 W/m-¦K,3.583627476251294e-05,4.389029372516756e-05
"MAINHEAT_DESCRIPTION_Electric storage heaters, Electric storage heaters",3.583627476251294e-05,4.389029372516756e-05
LIGHTING_DESCRIPTION_Low energy lighting in 12% of fixed outlets,3.583627476251294e-05,4.389029372516756e-05
"WALLS_DESCRIPTION_Sandstone, as built, no insulation (assumed)",3.583627476251294e-05,4.389029372516756e-05
"ROOF_DESCRIPTION_Flat, limited insulation (assumed)",3.5138627324804436e-05,7.027725464960887e-05
SOLAR_WATER_HEATING_FLAG_Y,3.5138627324804436e-05,7.027725464960887e-05
LIGHTING_DESCRIPTION_Low energy lighting in 73% of fixed outlets,3.5138627324804436e-05,7.027725464960887e-05
LIGHTING_DESCRIPTION_Low energy lighting in 62% of fixed outlets,3.5138627324804436e-05,7.027725464960887e-05
FLOOR_DESCRIPTION_Average thermal transmittance 0.19 W/m-¦K,3.5138627324804436e-05,7.027725464960887e-05
"MAINHEATCONT_DESCRIPTION_Charging system linked to use of community heating, TRVs",3.45370417534685e-05,0.00016312876714019237
CONSTRUCTION_AGE_BAND_NO DATA!,3.224479300039107e-05,8.2557730439527e-05
WINDOWS_DESCRIPTION_Partial double glazing,3.18976509178448e-05,9.48682994201017e-05
LIGHTING_DESCRIPTION_Low energy lighting in 96% of fixed outlets,3.1359247397722e-05,6.2718494795444e-05
LIGHTING_DESCRIPTION_Low energy lighting in 22% of fixed outlets,2.6088369610666185e-05,0.00010299703154134777
"MAINHEAT_DESCRIPTION_Ground source heat pump, radiators, electric",2.6088369610666185e-05,0.00010299703154134777
WALLS_DESCRIPTION_Average thermal transmittance 0.3 W/m-¦K,2.584626467403428e-05,0.000443930336188428
"WALLS_DESCRIPTION_Solid brick, with external insulation",2.442505655133598e-05,7.858199422697317e-05
LIGHTING_DESCRIPTION_Low energy lighting in 78% of fixed outlets,2.4414163944097566e-05,7.409338732097908e-05
LIGHTING_DESCRIPTION_Low energy lighting in 26% of fixed outlets,2.3531394054576715e-05,0.00017896169867942453
GLAZED_TYPE_secondary glazing,2.117048702907631e-05,0.00012611090681755813
LIGHTING_DESCRIPTION_Low energy lighting in 11% of fixed outlets,2.1166820826468146e-05,4.233364165293629e-05
ROOF_DESCRIPTION_Thatched,2.1166820826468146e-05,4.233364165293629e-05
MAINHEATCONT_DESCRIPTION_2207 Time and temperature zone control,2.1166820826468146e-05,4.233364165293629e-05
ROOF_DESCRIPTION_(same dwelling above),2.1166820826468146e-05,4.233364165293629e-05
WALLS_DESCRIPTION_Average thermal transmittance 0.37 W/m-¦K,2.1166820826468146e-05,4.233364165293629e-05
TRANSACTION_TYPE_rental (private) - this is for backwards compatibility only and should not be used,2.1166820826468146e-05,4.233364165293629e-05
LIGHTING_DESCRIPTION_Low energy lighting in 52% of fixed outlets,2.1166820826468146e-05,4.233364165293629e-05
LIGHTING_DESCRIPTION_Low energy lighting in 69% of fixed outlets,2.1166820826468146e-05,4.233364165293629e-05
"MAINHEAT_DESCRIPTION_Air source heat pump ,underfloor, electric",2.1166820826468146e-05,4.233364165293629e-05
LIGHTING_DESCRIPTION_Low energy lighting in 79% of fixed outlets,2.1166820826468146e-05,4.233364165293629e-05
LIGHTING_DESCRIPTION_Low energy lighting in 64% of fixed outlets,2.1166820826468146e-05,4.233364165293629e-05
"HOTWATER_DESCRIPTION_From main system, plus solar, no cylinder thermostat",2.1166820826468146e-05,4.233364165293629e-05
CONSTRUCTION_AGE_BAND_2017,2.1166820826468146e-05,4.233364165293629e-05
WINDOWS_DESCRIPTION_Partial multiple glazing,1.791813738125647e-05,3.5836274762512933e-05
"MAINHEAT_DESCRIPTION_Boiler and radiators, B30K",1.791813738125647e-05,3.583627476251294e-05
LIGHTING_DESCRIPTION_Low energy lighting in 17% of fixed outlets,1.791813738125647e-05,3.5836274762512933e-05
CONSTRUCTION_AGE_BAND_2016,1.791813738125647e-05,3.5836274762512933e-05
WALLS_DESCRIPTION_Average thermal transmittance 0.33 W/m-¦K,1.791813738125647e-05,3.5836274762512933e-05
WALLS_DESCRIPTION_Average thermal transmittance 0.12 W/m-¦K,1.791813738125647e-05,3.5836274762512933e-05
WALLS_DESCRIPTION_Average thermal transmittance 0.44 W/m-¦K,1.791813738125647e-05,3.5836274762512933e-05
"WALLS_DESCRIPTION_Park home wall, with external insulation",1.791813738125647e-05,3.5836274762512933e-05
"MAINHEAT_DESCRIPTION_Electric storage heaters, Room heaters, electric",1.791813738125647e-05,3.583627476251294e-05
"MAINHEAT_DESCRIPTION_Room heaters, mains gas",1.791813738125647e-05,3.5836274762512933e-05
FLOOR_DESCRIPTION_Average thermal transmittance 0.17 W/m-¦K,1.5862851218595432e-05,6.62558306923343e-05
MAIN_FUEL_Oil: heating oil,1.468034212142033e-05,3.7976339765557205e-05
WALLS_DESCRIPTION_Average thermal transmittance 0.38 W/m-¦K,1.468034212142033e-05,3.7976339765557205e-05
LIGHTING_DESCRIPTION_Low energy lighting in 34% of fixed outlets,1.4677160974296832e-05,7.23444393121114e-05
MAIN_FUEL_NO DATA!,1.4184845787279521e-05,0.00011170734907442852
"MECHANICAL_VENTILATION_mechanical extract, centralised (MEV c)",1.020013360950589e-05,8.397326802393298e-05
CONSTRUCTION_AGE_BAND_England and Wales: before 1900,9.096309579770257e-06,0.002384618267870225
PROPERTY_AGE_GROUP_Pre-1900,9.096309579770257e-06,0.002384618267870225
GLAZED_TYPE_triple glazing,8.168891901827457e-06,0.00011325987439140225
WALLS_DESCRIPTION_Average thermal transmittance 0.45 W/m-¦K,4.144758623936262e-06,0.00012350687176126775
"WALLS_DESCRIPTION_Cavity wall, with internal insulation",3.2505286866157944e-06,6.501057373231589e-06
LIGHTING_DESCRIPTION_Low energy lighting in 20% of fixed outlets,3.24734311762942e-06,6.192870650161565e-05
"ROOF_DESCRIPTION_Flat, insulated (assumed)",3.24734311762942e-06,6.192870650161565e-05
"HOTWATER_DESCRIPTION_Electric instantaneous at point of use, waste water heat recovery",3.24734311762942e-06,6.192870650161565e-05
ROOF_DESCRIPTION_Average thermal transmittance 0.20 W/m-¦K,3.24734311762942e-06,6.192870650161565e-05
LIGHTING_DESCRIPTION_Low energy lighting in 18% of fixed outlets,3.24734311762942e-06,6.192870650161565e-05
"WALLS_DESCRIPTION_Timber frame, as built, no insulation (assumed)",7.445199320610385e-07,5.5492428380772956e-05
"ROOF_DESCRIPTION_Roof room(s), ceiling insulated",7.424081173379449e-07,0.00011214988839113584
"HOTWATER_DESCRIPTION_Electric immersion, standard tariff, waste water heat recovery",0.0,0.0
"MAINHEAT_DESCRIPTION_Electric ceiling heating, Electric underfloor heating",0.0,0.0
"MAINHEAT_DESCRIPTION_Electric ceiling heating, Room heaters, electric",0.0,0.0
FLOOR_DESCRIPTION_Average thermal transmittance 0.43 W/m-¦K,0.0,0.0
FLOOR_DESCRIPTION_Average thermal transmittance 0.44 W/m-¦K,0.0,0.0
FLOOR_DESCRIPTION_Average thermal transmittance 0.45 W/m-¦K,0.0,0.0
FLOOR_DESCRIPTION_Average thermal transmittance 0.46 W/m-¦K,0.0,0.0
FLOOR_DESCRIPTION_Average thermal transmittance 0.47 W/m-¦K,0.0,0.0
FLOOR_DESCRIPTION_Average thermal transmittance 0.42 W/m-¦K,0.0,0.0
FLOOR_DESCRIPTION_Average thermal transmittance 0.48 W/m-¦K,0.0,0.0
"HOTWATER_DESCRIPTION_Electric immersion, off-peak, flue gas heat recovery",0.0,0.0
"MAINHEAT_DESCRIPTION_Boiler and radiators, oil, Room heaters, electric",0.0,0.0
"MAINHEAT_DESCRIPTION_Boiler and radiators, oil, Electric underfloor heating",0.0,0.0
ENERGY_TARIFF_dual (24 hour),0.0,0.0
ENERGY_TARIFF_INVALID!,0.0,0.0
"MAINHEAT_DESCRIPTION_Electric ceiling heating, Electric storage heaters",0.0,0.0
MAINHEAT_DESCRIPTION_Electric ceiling heating,0.0,0.0
"MAINHEAT_DESCRIPTION_Community scheme, Electric storage heaters",0.0,0.0
"MAINHEAT_DESCRIPTION_Boiler, mains gas, Boiler and radiators, mains gas",0.0,0.0
"MAINHEAT_DESCRIPTION_Boiler, electric",0.0,0.0
"MAINHEAT_DESCRIPTION_Boiler with radiators and underfloor heating, mains gas, Room heaters, electric",0.0,0.0
"MAINHEAT_DESCRIPTION_Boiler with radiators and underfloor heating, mains gas, Boiler and radiators, mains gas",0.0,0.0
"MAINHEAT_DESCRIPTION_Boiler with radiators and underfloor heating, LPG, Air source heat pump, radiators and underfloor, electric",0.0,0.0
"MAINHEAT_DESCRIPTION_Boiler and underfloor heating, oil, Electric underfloor heating",0.0,0.0
"HOTWATER_DESCRIPTION_Electric immersion, off-peak, plus solar",0.0,0.0
MAINHEAT_DESCRIPTION_Portable electric heating assumed for most rooms,0.0,0.0
"MAINHEAT_DESCRIPTION_Micro-cogeneration, mains gas, Micro-cogeneration, mains gas",0.0,0.0
"MAINHEAT_DESCRIPTION_Micro-cogeneration, mains gas, Boiler and radiators, mains gas",0.0,0.0
"MAINHEAT_DESCRIPTION_Ground source heat pump, underfloor, electric, Ground source heat pump, underfloor, electric",0.0,0.0
"MAINHEAT_DESCRIPTION_Ground source heat pump, underfloor, electric, Ground source heat pump, radiators, electric",0.0,0.0
"MAINHEAT_DESCRIPTION_Ground source heat pump, underfloor, electric, Boiler and radiators, mains gas",0.0,0.0
"MAINHEAT_DESCRIPTION_Ground source heat pump, radiators, electric, Ground source heat pump, underfloor, electric",0.0,0.0
"MAINHEAT_DESCRIPTION_Ground source heat pump, radiators, electric, Ground source heat pump, radiators, electric",0.0,0.0
"HOTWATER_DESCRIPTION_Electric heat pump for water heating only, plus solar",0.0,0.0
"HOTWATER_DESCRIPTION_Electric heat pump for water heating only, no cylinder thermostat, plus solar",0.0,0.0
"HOTWATER_DESCRIPTION_Electric heat pump for water heating only, no cylinder thermostat",0.0,0.0
"HOTWATER_DESCRIPTION_Community scheme, plus solar",0.0,0.0
FLOOR_DESCRIPTION_Average thermal transmittance 4.38 W/m-¦K,0.0,0.0
FLOOR_DESCRIPTION_Average thermal transmittance 0.50 W/m-¦K,0.0,0.0
"MAINHEAT_DESCRIPTION_Ground source heat pump, Underfloor heating, pipes in screed above insulation, electric",0.0,0.0
"MAINHEAT_DESCRIPTION_Ground source heat pump, Underfloor heating, pipes in insulated timber floor, electric",0.0,0.0
"MAINHEAT_DESCRIPTION_Ground source heat pump, Underfloor heating and radiators, pipes in screed above insulation, electric",0.0,0.0
"MAINHEAT_DESCRIPTION_Ground source heat pump , electric",0.0,0.0
"MAINHEAT_DESCRIPTION_Electric underfloor heating, Room heaters, electric",0.0,0.0
"MAINHEAT_DESCRIPTION_Electric underfloor heating, Electric storage heaters",0.0,0.0
"MAINHEAT_DESCRIPTION_Electric underfloor heating, Electric ceiling heating",0.0,0.0
"MAINHEAT_DESCRIPTION_Electric storage heaters, Electric ceiling heating",0.0,0.0
"MAINHEAT_DESCRIPTION_Electric storage heaters, Boiler and radiators, wood logs",0.0,0.0
"MAINHEAT_DESCRIPTION_Electric storage heaters, Boiler and radiators, oil",0.0,0.0
FLOOR_DESCRIPTION_Average thermal transmittance 0.54 W/m-¦K,0.0,0.0
FLOOR_DESCRIPTION_Average thermal transmittance 0.51 W/m-¦K,0.0,0.0
"MAINHEAT_DESCRIPTION_Boiler and underfloor heating, oil, Boiler and underfloor heating, oil",0.0,0.0
FLOOR_DESCRIPTION_Average thermal transmittance 0.49 W/m-¦K,0.0,0.0
"MAINHEAT_DESCRIPTION_Ground source heat pump, fan coil units, electric",0.0,0.0
"FLOOR_DESCRIPTION_To external air, insulated",0.0,0.0
"HOTWATER_DESCRIPTION_Electric instantaneous at point of use, plus solar",0.0,0.0
"HOTWATER_DESCRIPTION_Electric instantaneous at point of use, flue gas heat recovery",0.0,0.0
LIGHTING_DESCRIPTION_Low energy lighting in 9% of fixed outlets,0.0,0.0
"MAINHEAT_DESCRIPTION_Boiler and radiators, LPG, Boiler and radiators, bottled LPG",0.0,0.0
"MAINHEAT_DESCRIPTION_Boiler and radiators, LPG, Boiler and radiators, LPG",0.0,0.0
"MAINHEAT_DESCRIPTION_Boiler and radiators, LPG, Air source heat pump, warm air, electric",0.0,0.0
"MAINHEAT_DESCRIPTION_Boiler and radiators, LPG, Air source heat pump, radiators, electric",0.0,0.0
"MAINHEAT_DESCRIPTION_Boiler and radiators, B30K, Boiler and underfloor heating, B30K",0.0,0.0
"MAINHEAT_DESCRIPTION_Boiler and radiators, ",0.0,0.0
"MAINHEAT_DESCRIPTION_Boiler and radiators, mains gas, Warm air, mains gas",0.0,0.0
"MAINHEAT_DESCRIPTION_Boiler and radiators, mains gas, Room heaters, mains gas",0.0,0.0
"MAINHEAT_DESCRIPTION_Boiler and radiators, mains gas, Room heaters, electric",0.0,0.0
FLOOR_DESCRIPTION_Average thermal transmittance 0.55 W/m-¦K,0.0,0.0
"MAINHEAT_DESCRIPTION_Boiler and radiators, mains gas, Boiler with radiators and underfloor heating, mains gas",0.0,0.0
"MAINHEAT_DESCRIPTION_Boiler and radiators, mains gas, Boiler and underfloor heating, electric",0.0,0.0
"MAINHEAT_DESCRIPTION_Boiler and radiators, mains gas, Boiler and underfloor heating, LPG",0.0,0.0
"MAINHEAT_DESCRIPTION_Boiler and radiators, mains gas, Air source heat pump, warm air, electric",0.0,0.0
"MAINHEAT_DESCRIPTION_Boiler and radiators, mains gas, Air source heat pump, underfloor, electric",0.0,0.0
"MAINHEAT_DESCRIPTION_Boiler and radiators, mains gas, Air source heat pump, radiators, electric",0.0,0.0
"MAINHEAT_DESCRIPTION_Air source heat pump, underfloor, electric, Air source heat pump, radiators, electric",0.0,0.0
"MAINHEAT_DESCRIPTION_Air source heat pump, radiators, electric, Room heaters, wood logs",0.0,0.0
"MAINHEAT_DESCRIPTION_Air source heat pump, radiators, electric, Boiler and radiators, oil",0.0,0.0
"MAINHEAT_DESCRIPTION_Air source heat pump, radiators and underfloor, electric, Boiler and radiators, mains gas",0.0,0.0
"MAINHEAT_DESCRIPTION_Air source heat pump, radiators and underfloor, electric, Air source heat pump, radiators and underfloor, electric",0.0,0.0
"MAINHEAT_DESCRIPTION_Air source heat pump, fan coil units, electric",0.0,0.0
"MAINHEAT_DESCRIPTION_Boiler and radiators, dual fuel (mineral and wood)",0.0,0.0
"MAINHEAT_DESCRIPTION_Boiler and radiators, coal",0.0,0.0
"MAINHEAT_DESCRIPTION_Boiler and radiators, mains gas, Electric storage heaters",0.0,0.0
LIGHTING_DESCRIPTION_Low energy lighting in 65% of fixed outlets,0.0,0.0
"MAINHEAT_DESCRIPTION_Portable electric heating assumed for most rooms, Room heaters, electric",0.0,0.0
LIGHTING_DESCRIPTION_Low energy lighting in 84% of fixed outlets,0.0,0.0
LIGHTING_DESCRIPTION_Low energy lighting in 82% of fixed outlets,0.0,0.0
LIGHTING_DESCRIPTION_Low energy lighting in 81% of fixed outlets,0.0,0.0
LIGHTING_DESCRIPTION_Low energy lighting in 72% of fixed outlets,0.0,0.0
LIGHTING_DESCRIPTION_Low energy lighting in 7% of fixed outlets,0.0,0.0
"MAINHEAT_DESCRIPTION_Boiler and underfloor heating, oil, Boiler and radiators, oil",0.0,0.0
"MAINHEAT_DESCRIPTION_Boiler and underfloor heating, mains gas, Warm air, mains gas",0.0,0.0
"MAINHEAT_DESCRIPTION_Boiler and underfloor heating, mains gas, Boiler and underfloor heating, mains gas",0.0,0.0
"MAINHEAT_DESCRIPTION_Boiler and underfloor heating, mains gas, Air source heat pump, underfloor, electric",0.0,0.0
"MAINHEAT_DESCRIPTION_Boiler and underfloor heating, electric, Boiler and radiators, electric",0.0,0.0
"MAINHEAT_DESCRIPTION_Boiler and underfloor heating, LPG, Boiler and radiators, LPG",0.0,0.0
"FLOOR_DESCRIPTION_To external air, limited insulation (assumed)",0.0,0.0
"MAINHEAT_DESCRIPTION_Boiler and radiators, wood logs, Electric storage heaters",0.0,0.0
"MAINHEAT_DESCRIPTION_Boiler and radiators, wood logs",0.0,0.0
"MAINHEAT_DESCRIPTION_Boiler and radiators, wood chips",0.0,0.0
"MAINHEAT_DESCRIPTION_Boiler and radiators, smokeless fuel",0.0,0.0
"MAINHEAT_DESCRIPTION_Boiler and radiators, mains gas, , underfloor, electric",0.0,0.0
"MAINHEAT_DESCRIPTION_Boiler and radiators, electric, Boiler and underfloor heating, electric",0.0,0.0
"MAINHEAT_DESCRIPTION_Boiler and radiators, electric, Boiler and radiators, mains gas",0.0,0.0
"MAINHEAT_DESCRIPTION_Boiler and radiators, electric, Boiler and radiators, electric",0.0,0.0
"MAINHEAT_DESCRIPTION_Boiler and radiators, oil, Electric storage heaters",0.0,0.0
"MAINHEAT_DESCRIPTION_Boiler and radiators, oil, Boiler and underfloor heating, LPG",0.0,0.0
"MAINHEAT_DESCRIPTION_Boiler and radiators, oil, Boiler and radiators, electric",0.0,0.0
"MAINHEAT_DESCRIPTION_Boiler and radiators, oil, Boiler and radiators, LPG",0.0,0.0
"MAINHEAT_DESCRIPTION_Boiler and radiators, oil, Air source heat pump, radiators, electric",0.0,0.0
"FLOOR_DESCRIPTION_To unheated space, insulated",0.0,0.0
"MAINHEAT_DESCRIPTION_Boiler and radiators, wood pellets",0.0,0.0
"HOTWATER_DESCRIPTION_Gas range cooker, no cylinder thermostat",0.0,0.0
FLOOR_DESCRIPTION_Average thermal transmittance 0.88 W/m-¦K,0.0,0.0
FLOOR_DESCRIPTION_Average thermal transmittance 0.85 W/m-¦K,0.0,0.0
FLOOR_DESCRIPTION_Average thermal transmittance 0.82 W/m-¦K,0.0,0.0
FLOOR_DESCRIPTION_Average thermal transmittance 0.80 W/m-¦K,0.0,0.0
FLOOR_DESCRIPTION_Average thermal transmittance 0.57 W/m-¦K,0.0,0.0
FLOOR_DESCRIPTION_Average thermal transmittance 0.56 W/m-¦K,0.0,0.0
LIGHTING_DESCRIPTION_Low energy lighting in 2% of fixed outlets,0.0,0.0
LIGHTING_DESCRIPTION_Low energy lighting in 19% of fixed outlets,0.0,0.0
LIGHTING_DESCRIPTION_Low energy lighting in 16% of fixed outlets,0.0,0.0
LIGHTING_DESCRIPTION_Low energy lighting in 10% of fixed outlets,0.0,0.0
LIGHTING_DESCRIPTION_Low energy lighting in 1% of fixed outlets,0.0,0.0
MAINHEATCONT_DESCRIPTION_Temperature zone control,0.0,0.0
"MAINHEAT_DESCRIPTION_Room heaters, anthracite",0.0,0.0
LIGHTING_DESCRIPTION_Low energy lighting in 41% of fixed outlets,0.0,0.0
LIGHTING_DESCRIPTION_Low energy lighting in 4% of fixed outlets,0.0,0.0
LIGHTING_DESCRIPTION_Low energy lighting in 51% of fixed outlets,0.0,0.0
LIGHTING_DESCRIPTION_Low energy lighting in 5% of fixed outlets,0.0,0.0
LIGHTING_DESCRIPTION_Low energy lighting in 49% of fixed outlets,0.0,0.0
LIGHTING_DESCRIPTION_Low energy lighting in 48% of fixed outlets,0.0,0.0
"MAINHEATCONT_DESCRIPTION_Programmer, TRVs and flow switch",0.0,0.0
"MAINHEATCONT_DESCRIPTION_Programmer, TRVs and boiler energy manager",0.0,0.0
MAINHEATCONT_DESCRIPTION_Programmer room thermostat and TRVs,0.0,0.0
FLOOR_DESCRIPTION_Average thermal transmittance 1.8 W/m-¦K,0.0,0.0
FLOOR_DESCRIPTION_Average thermal transmittance 1.26 W/m-¦K,0.0,0.0
FLOOR_DESCRIPTION_Average thermal transmittance 1.20 W/m-¦K,0.0,0.0
FLOOR_DESCRIPTION_Average thermal transmittance 1.2 W/m-¦K,0.0,0.0
FLOOR_DESCRIPTION_Average thermal transmittance 1.06 W/m-¦K,0.0,0.0
LIGHTING_DESCRIPTION_Low energy lighting in 42% of fixed outlets,0.0,0.0
FLOOR_DESCRIPTION_Average thermal transmittance 0.58 W/m-¦K,0.0,0.0
HOTWATER_DESCRIPTION_Gas instantaneous at point of use,0.0,0.0
"HOTWATER_DESCRIPTION_Gas boiler/circulator, no cylinder thermostat, plus solar",0.0,0.0
"HOTWATER_DESCRIPTION_Gas boiler/circulator, no cylinder thermostat",0.0,0.0
HOTWATER_DESCRIPTION_Gas boiler/circulator,0.0,0.0
"HOTWATER_DESCRIPTION_From secondary system, no cylinder thermostat",0.0,0.0
HOTWATER_DESCRIPTION_From secondary system,0.0,0.0
"HOTWATER_DESCRIPTION_From main system, plus solar, waste water heat recovery",0.0,0.0
"HOTWATER_DESCRIPTION_From main system, no cylinder thermostat, waste water heat recovery",0.0,0.0
"HOTWATER_DESCRIPTION_From main system, no cylinder thermostat, plus solar",0.0,0.0
CONSTRUCTION_AGE_BAND_2026,0.0,0.0
WALLS_DESCRIPTION_Average thermal transmittance 0.66 W/m-¦K,0.0,0.0
TRANSACTION_TYPE_Stock Condition Survey,0.0,0.0
FLOOR_DESCRIPTION_Average thermal transmittance 0.62 W/m-¦K,0.0,0.0
"HOTWATER_DESCRIPTION_Gas multipoint, plus solar",0.0,0.0
FLOOR_DESCRIPTION_Average thermal transmittance 0.07 W/m-¦K,0.0,0.0
LIGHTING_DESCRIPTION_Low energy lighting in 32% of fixed outlets,0.0,0.0
LIGHTING_DESCRIPTION_Low energy lighting in 3% of fixed outlets,0.0,0.0
LIGHTING_DESCRIPTION_Low energy lighting in 23% of fixed outlets,0.0,0.0
FLOOR_DESCRIPTION_Average thermal transmittance 0.76 W/m-¦K,0.0,0.0
FLOOR_DESCRIPTION_Average thermal transmittance 0.75 W/m-¦K,0.0,0.0
FLOOR_DESCRIPTION_Average thermal transmittance 0.74 W/m-¦K,0.0,0.0
FLOOR_DESCRIPTION_Average thermal transmittance 0.7 W/m-¦K,0.0,0.0
FLOOR_DESCRIPTION_Average thermal transmittance 0.69 W/m-¦K,0.0,0.0
FLOOR_DESCRIPTION_Average thermal transmittance 0.68 W/m-¦K,0.0,0.0
FLOOR_DESCRIPTION_Average thermal transmittance 0.66 W/m-¦K,0.0,0.0
FLOOR_DESCRIPTION_Average thermal transmittance 0.65 W/m-¦K,0.0,0.0
FLOOR_DESCRIPTION_Average thermal transmittance 0.64 W/m-¦K,0.0,0.0
"TRANSACTION_TYPE_Grant scheme (ECO, RHI, etc.)",0.0,0.0
"MAINHEAT_DESCRIPTION_Warm air, mains gas, Warm air, mains gas",0.0,0.0
"MAINHEAT_DESCRIPTION_Warm air, mains gas, Electric underfloor heating",0.0,0.0
"MAINHEAT_DESCRIPTION_Warm air, mains gas, Electric storage heaters",0.0,0.0
"MAINHEAT_DESCRIPTION_Warm air, mains gas, Boiler and underfloor heating, mains gas",0.0,0.0
"MAINHEAT_DESCRIPTION_Warm air, Electricaire, Electric underfloor heating",0.0,0.0
"MAINHEAT_DESCRIPTION_Ground source heat pump, radiators and underfloor, electric",0.0,0.0
"MAINHEAT_DESCRIPTION_Warm air, Electricaire",0.0,0.0
"MAINHEAT_DESCRIPTION_Warm air, ",0.0,0.0
"MAINHEAT_DESCRIPTION_Room heaters, wood logs, Electric storage heaters",0.0,0.0
"MAINHEAT_DESCRIPTION_Room heaters, wood logs",0.0,0.0
"MAINHEAT_DESCRIPTION_Room heaters, smokeless fuel",0.0,0.0
"MAINHEAT_DESCRIPTION_Room heaters, oil",0.0,0.0
"MAINHEAT_DESCRIPTION_Room heaters, mains gas, Room heaters, mains gas",0.0,0.0
FLOOR_DESCRIPTION_Average thermal transmittance 0.99 W/m-¦K,0.0,0.0
"MAINHEAT_DESCRIPTION_Room heaters, electric, Room heaters, mains gas",0.0,0.0
"MAINHEAT_DESCRIPTION_Room heaters, electric, Room heaters, electric",0.0,0.0
"MAINHEAT_DESCRIPTION_Room heaters, electric, Room heaters, coal",0.0,0.0
"MAINHEAT_DESCRIPTION_Room heaters, electric, Electric underfloor heating",0.0,0.0
"MAINHEAT_DESCRIPTION_Room heaters, electric, Electric storage heaters",0.0,0.0
"MAINHEAT_DESCRIPTION_Room heaters, electric, Air source heat pump, warm air, electric",0.0,0.0
"MAINHEAT_DESCRIPTION_Room heaters, dual fuel (mineral and wood), Room heaters, electric",0.0,0.0
"MAINHEAT_DESCRIPTION_Electric storage heaters, Boiler and radiators, mains gas",0.0,0.0
"MAINHEAT_DESCRIPTION_Electric storage heaters, Boiler and radiators, electric",0.0,0.0
"MAINHEAT_DESCRIPTION_Electric storage heaters, Boiler and radiators, coal",0.0,0.0
"MAINHEAT_DESCRIPTION_Electric ceiling heating, electric",0.0,0.0
"MAINHEAT_DESCRIPTION_Room heaters, coal",0.0,0.0
"MAINHEAT_DESCRIPTION_Boiler and radiators, bottled LPG",0.0,0.0
"MAINHEAT_DESCRIPTION_Room heaters, B30K",0.0,0.0
"MAINHEAT_DESCRIPTION_Room heaters, mains gas, Electric storage heaters",0.0,0.0
FLOOR_DESCRIPTION_Average thermal transmittance 0.94 W/m-¦K,0.0,0.0
FLOOR_DESCRIPTION_Average thermal transmittance 0.93 W/m-¦K,0.0,0.0
FLOOR_DESCRIPTION_Average thermal transmittance 0.89 W/m-¦K,0.0,0.0
FLOOR_DESCRIPTION_Average thermal transmittance 0.8 W/m-¦K,0.0,0.0
FLOOR_DESCRIPTION_Average thermal transmittance 0.78 W/m-¦K,0.0,0.0
FLOOR_DESCRIPTION_Average thermal transmittance 0.77 W/m-¦K,0.0,0.0
MAINHEATCONT_DESCRIPTION_Not relevant (supplies DHW only),0.0,0.0
MAINHEATCONT_DESCRIPTION_No time or thermostatic control of room temperature,0.0,0.0
"MAINHEATCONT_DESCRIPTION_Flat rate charging, room thermostat and TRVs",0.0,0.0
"MAINHEATCONT_DESCRIPTION_Flat rate charging, programmer, no room thermostat",0.0,0.0
"MAINHEATCONT_DESCRIPTION_Flat rate charging, programmer and at least two room thermostats",0.0,0.0
"MAINHEATCONT_DESCRIPTION_Flat rate charging, no thermostatic control of room temperature",0.0,0.0
MAINHEATCONT_DESCRIPTION_Flat rate charging room thermostat and TRVs,0.0,0.0
FLOOR_DESCRIPTION_Average thermal transmittance 0.41 W/m-¦K,0.0,0.0
"MAINHEAT_DESCRIPTION_Warm air, oil",0.0,0.0
LIGHTING_DESCRIPTION_Low energy lighting in 6% of fixed outlets,0.0,0.0
LIGHTING_DESCRIPTION_Low energy lighting in 59% of fixed outlets,0.0,0.0
LIGHTING_DESCRIPTION_Low energy lighting in 58% of fixed outlets,0.0,0.0
LIGHTING_DESCRIPTION_Low energy lighting in 54% of fixed outlets,0.0,0.0
"MAINHEAT_DESCRIPTION_Room heaters, dual fuel (mineral and wood)",0.0,0.0
"MAINHEATCONT_DESCRIPTION_Charging system linked to use of community heating, room thermostat only",0.0,0.0
"MAINHEATCONT_DESCRIPTION_Charging system linked to use of community heating, programmer and room thermostat",0.0,0.0
"MAINHEATCONT_DESCRIPTION_Charging system linked to use of community heating, programmer and at least two room thermostats",0.0,0.0
"MAINHEATCONT_DESCRIPTION_Charging system linked to use of community heating, programmer and at least two room stats",0.0,0.0
MAINHEATCONT_DESCRIPTION_Automatic charge control ,0.0,0.0
"MAINHEAT_DESCRIPTION_Water source heat pump, warm air, electric",0.0,0.0
"MAINHEAT_DESCRIPTION_Water source heat pump, underfloor, electric",0.0,0.0
"MAINHEAT_DESCRIPTION_Water source heat pump, radiators, electric",0.0,0.0
"MAINHEAT_DESCRIPTION_Warm air, oil, Electric storage heaters",0.0,0.0
FLOOR_DESCRIPTION_Average thermal transmittance 0.4 W/m-¦K,0.0,0.0
CONSTRUCTION_AGE_BAND_1992,0.0,0.0
CONSTRUCTION_AGE_BAND_1960,0.0,0.0
"WALLS_DESCRIPTION_Sandstone or limestone, with internal insulation",0.0,0.0
"WALLS_DESCRIPTION_Sandstone or limestone, as built, partial insulation (assumed)",0.0,0.0
"WALLS_DESCRIPTION_Sandstone or limestone, as built, insulated (assumed)",0.0,0.0
"WALLS_DESCRIPTION_Granite or whinstone, with internal insulation",0.0,0.0
"WALLS_DESCRIPTION_Granite or whinstone, as built, partial insulation (assumed)",0.0,0.0
"WALLS_DESCRIPTION_Granite or whinstone, as built, insulated (assumed)",0.0,0.0
"WALLS_DESCRIPTION_Solid brick, as built, partial insulation (assumed)",0.0,0.0
WALLS_DESCRIPTION_Average thermal transmittance 0.65 W/m-¦K,0.0,0.0
WALLS_DESCRIPTION_Average thermal transmittance 0.64 W/m-¦K,0.0,0.0
WALLS_DESCRIPTION_Average thermal transmittance 0.63 W/m-¦K,0.0,0.0
WALLS_DESCRIPTION_Average thermal transmittance 0.62 W/m-¦K,0.0,0.0
"MAINHEAT_DESCRIPTION_Boiler and radiators, LPG, Room heaters, wood logs",0.0,0.0
WALLS_DESCRIPTION_Average thermal transmittance 0.6 W/m-¦K,0.0,0.0
WALLS_DESCRIPTION_Average thermal transmittance 0.59 W/m-¦K,0.0,0.0
WALLS_DESCRIPTION_Average thermal transmittance 0.58 W/m-¦K,0.0,0.0
WALLS_DESCRIPTION_Average thermal transmittance 0.57 W/m-¦K,0.0,0.0
"WALLS_DESCRIPTION_Cavity wall, with external insulation",0.0,0.0
"WALLS_DESCRIPTION_Cavity wall, filled cavity and external insulation",0.0,0.0
WALLS_DESCRIPTION_Basement wall,0.0,0.0
WALLS_DESCRIPTION_Average thermal transmittance 3.01 W/m-¦K,0.0,0.0
WALLS_DESCRIPTION_Average thermal transmittance 2.21 W/m-¦K,0.0,0.0
WALLS_DESCRIPTION_Average thermal transmittance 2.10 W/m-¦K,0.0,0.0
WALLS_DESCRIPTION_Average thermal transmittance 2.05 W/m-¦K,0.0,0.0
WALLS_DESCRIPTION_Average thermal transmittance 2.02 W/m-¦K,0.0,0.0
WALLS_DESCRIPTION_Average thermal transmittance 0.56 W/m-¦K,0.0,0.0
WALLS_DESCRIPTION_Average thermal transmittance 0.55 W/m-¦K,0.0,0.0
WALLS_DESCRIPTION_Average thermal transmittance 0.60 W/m-¦K,0.0,0.0
CONSTRUCTION_AGE_BAND_1930,0.0,0.0
CONSTRUCTION_AGE_BAND_1929,0.0,0.0
CONSTRUCTION_AGE_BAND_1920,0.0,0.0
CONSTRUCTION_AGE_BAND_1910,0.0,0.0
CONSTRUCTION_AGE_BAND_1900,0.0,0.0
MECHANICAL_VENTILATION_positive input from outside,0.0,0.0
MECHANICAL_VENTILATION_positive input from loft,0.0,0.0
MECHANICAL_VENTILATION_mechanical ventilation without heat recovery (MV),0.0,0.0
MAIN_FUEL_wood logs,0.0,0.0
ROOF_DESCRIPTION_Average thermal transmittance 0.06 W/m-¦K,0.0,0.0
WALLS_DESCRIPTION_Average thermal transmittance 0.34 W/m-¦K,0.0,0.0
WALLS_DESCRIPTION_Average thermal transmittance 0.32 W/m-¦K,0.0,0.0
WALLS_DESCRIPTION_Average thermal transmittance 0.28 W/m+é-¦K,0.0,0.0
CONSTRUCTION_AGE_BAND_2009,0.0,0.0
ROOF_DESCRIPTION_(another premises above),0.0,0.0
WALLS_DESCRIPTION_Average thermal transmittance 0.50 W/m-¦K,0.0,0.0
WALLS_DESCRIPTION_Average thermal transmittance 0.49 W/m-¦K,0.0,0.0
WALLS_DESCRIPTION_Average thermal transmittance 0.48 W/m-¦K,0.0,0.0
WALLS_DESCRIPTION_Average thermal transmittance 0.47 W/m-¦K,0.0,0.0
WALLS_DESCRIPTION_Average thermal transmittance 0.46 W/m-¦K,0.0,0.0
WALLS_DESCRIPTION_Average thermal transmittance 0.43 W/m-¦K,0.0,0.0
WALLS_DESCRIPTION_Average thermal transmittance 0.42 W/m-¦K,0.0,0.0
WALLS_DESCRIPTION_Average thermal transmittance 0.35 W/m-¦K,0.0,0.0
"GLAZED_TYPE_triple, known data",0.0,0.0
GLAZED_TYPE_single glazing,0.0,0.0
CONSTRUCTION_AGE_BAND_2015,0.0,0.0
CONSTRUCTION_AGE_BAND_2013,0.0,0.0
CONSTRUCTION_AGE_BAND_2012,0.0,0.0
ROOF_DESCRIPTION_Average thermal transmittance 0.05 W/m-¦K,0.0,0.0
WALLS_DESCRIPTION_Average thermal transmittance 0.72 W/m-¦K,0.0,0.0
WALLS_DESCRIPTION_Average thermal transmittance 0.70 W/m-¦K,0.0,0.0
WALLS_DESCRIPTION_Average thermal transmittance 1.98 W/m-¦K,0.0,0.0
WALLS_DESCRIPTION_Average thermal transmittance 1.80 W/m-¦K,0.0,0.0
WALLS_DESCRIPTION_Average thermal transmittance 1.78 W/m-¦K,0.0,0.0
WALLS_DESCRIPTION_Average thermal transmittance 1.7 W/m-¦K,0.0,0.0
WALLS_DESCRIPTION_Average thermal transmittance 1.67 W/m-¦K,0.0,0.0
HOTWATER_DESCRIPTION_Gas range cooker,0.0,0.0
"HOTWATER_DESCRIPTION_Solid fuel range cooker, no cylinder thermostat",0.0,0.0
HOTWATER_DESCRIPTION_Solid fuel range cooker,0.0,0.0
"HOTWATER_DESCRIPTION_Solid fuel boiler/circulator, no cylinder thermostat",0.0,0.0
"HOTWATER_DESCRIPTION_Oil range cooker, no cylinder thermostat",0.0,0.0
HOTWATER_DESCRIPTION_Oil range cooker,0.0,0.0
WALLS_DESCRIPTION_Average thermal transmittance 0.54 W/m-¦K,0.0,0.0
HOTWATER_DESCRIPTION_Oil boiler/circulator,0.0,0.0
"HOTWATER_DESCRIPTION_No system present: electric immersion assumed, plus solar",0.0,0.0
HOTWATER_DESCRIPTION_No system present: electric immersion assumed,0.0,0.0
HOTWATER_DESCRIPTION_No hot water system present - electric immersion assumed,0.0,0.0
HOTWATER_DESCRIPTION_Heat pump,0.0,0.0
WALLS_DESCRIPTION_Average thermal transmittance 1.12 W/m-¦K,0.0,0.0
WALLS_DESCRIPTION_Average thermal transmittance 0.97 W/m-¦K,0.0,0.0
WALLS_DESCRIPTION_Average thermal transmittance 0.89 W/m-¦K,0.0,0.0
LIGHTING_DESCRIPTION_Low energy lighting in 37% of fixed outlets,0.0,0.0
BUILT_FORM_NO DATA!,0.0,0.0
"HOTWATER_DESCRIPTION_From main system, flue gas heat recovery, waste water heat recovery",0.0,0.0
FLOOR_DESCRIPTION_Average thermal transmittance 0.06 W/m-¦K,0.0,0.0
FLOOR_DESCRIPTION_Average thermal transmittance 0.61 W/m-¦K,0.0,0.0
FLOOR_DESCRIPTION_Average thermal transmittance 0.6 W/m-¦K,0.0,0.0
"HOTWATER_DESCRIPTION_Oil boiler/circulator, no cylinder thermostat",0.0,0.0
WALLS_DESCRIPTION_Average thermal transmittance 0.53 W/m-¦K,0.0,0.0
WALLS_DESCRIPTION_Average thermal transmittance 0.52 W/m-¦K,0.0,0.0
WALLS_DESCRIPTION_Average thermal transmittance 0.51 W/m-¦K,0.0,0.0
"WALLS_DESCRIPTION_Sandstone, with internal insulation",0.0,0.0
WALLS_DESCRIPTION_Average thermal transmittance 1.6 W/m-¦K,0.0,0.0
WALLS_DESCRIPTION_Average thermal transmittance 1.59 W/m-¦K,0.0,0.0
WALLS_DESCRIPTION_Average thermal transmittance 1.55 W/m-¦K,0.0,0.0
WALLS_DESCRIPTION_Average thermal transmittance 1.53 W/m-¦K,0.0,0.0
WALLS_DESCRIPTION_Average thermal transmittance 1.51 W/m-¦K,0.0,0.0
WALLS_DESCRIPTION_Average thermal transmittance 1.48 W/m-¦K,0.0,0.0
WALLS_DESCRIPTION_Average thermal transmittance 1.44 W/m-¦K,0.0,0.0
WALLS_DESCRIPTION_Average thermal transmittance 1.3 W/m-¦K,0.0,0.0
WALLS_DESCRIPTION_Average thermal transmittance 1.28 W/m-¦K,0.0,0.0
WALLS_DESCRIPTION_Average thermal transmittance 0.74 W/m-¦K,0.0,0.0
WALLS_DESCRIPTION_Average thermal transmittance 1.23 W/m-¦K,0.0,0.0
"WALLS_DESCRIPTION_Granite or whin, with internal insulation",0.0,0.0
"WALLS_DESCRIPTION_Granite or whin, with external insulation",0.0,0.0
"WALLS_DESCRIPTION_Granite or whin, as built, no insulation (assumed)",0.0,0.0
"WALLS_DESCRIPTION_Granite or whin, as built, insulated (assumed)",0.0,0.0
"WALLS_DESCRIPTION_Cob, with internal insulation",0.0,0.0
WALLS_DESCRIPTION_Average thermal transmittance 0.83 W/m-¦K,0.0,0.0
WALLS_DESCRIPTION_Average thermal transmittance 0.82 W/m-¦K,0.0,0.0
WALLS_DESCRIPTION_Average thermal transmittance 0.81 W/m-¦K,0.0,0.0
WALLS_DESCRIPTION_Average thermal transmittance 0.80 W/m-¦K,0.0,0.0
WALLS_DESCRIPTION_Average thermal transmittance 0.79 W/m-¦K,0.0,0.0
WALLS_DESCRIPTION_Average thermal transmittance 0.77 W/m-¦K,0.0,0.0
WALLS_DESCRIPTION_Average thermal transmittance 0.76 W/m-¦K,0.0,0.0
WALLS_DESCRIPTION_Average thermal transmittance 0.75 W/m-¦K,0.0,0.0
WALLS_DESCRIPTION_Average thermal transmittance 1.27 W/m-¦K,0.0,0.0
"MAINHEAT_DESCRIPTION_Air source heat pump ,radiators, electric",0.0,0.0
"ROOF_DESCRIPTION_Thatched, with additional insulation",0.0,0.0
"ROOF_DESCRIPTION_Roof room(s), thatched",0.0,0.0
"ROOF_DESCRIPTION_Roof room(s), limited insulation",0.0,0.0
"ROOF_DESCRIPTION_Roof room(s), insulated",0.0,0.0
FLOOR_DESCRIPTION_Average thermal transmittance 0.39 W/m-¦K,0.0,0.0
FLOOR_DESCRIPTION_Average thermal transmittance 0.37 W/m-¦K,0.0,0.0
FLOOR_DESCRIPTION_Average thermal transmittance 0.36 W/m-¦K,0.0,0.0
FLOOR_DESCRIPTION_Average thermal transmittance 0.34 W/m-¦K,0.0,0.0
FLOOR_DESCRIPTION_Average thermal transmittance 0.33 W/m-¦K,0.0,0.0
MAIN_FUEL_anthracite,0.0,0.0
WINDOWS_DESCRIPTION_Some triple glazing,0.0,0.0
WINDOWS_DESCRIPTION_Some multiple glazing,0.0,0.0
TRANSACTION_TYPE_unknown,0.0,0.0
WINDOWS_DESCRIPTION_Mostly triple glazing,0.0,0.0
WINDOWS_DESCRIPTION_Mostly secondary glazing,0.0,0.0
MAIN_FUEL_To be used only when there is no heating/hot-water system,0.0,0.0
MAIN_FUEL_Solid fuel: wood logs,0.0,0.0
MAIN_FUEL_Solid fuel: dual fuel appliance (mineral and wood),0.0,0.0
MAIN_FUEL_LPG (community),0.0,0.0
MAIN_FUEL_INVALID!,0.0,0.0
MAIN_FUEL_Gas: bottled LPG,0.0,0.0
MAIN_FUEL_B30K (not community),0.0,0.0
LIGHTING_DESCRIPTION_Low energy lighting in 99% of fixed outlets,0.0,0.0
LIGHTING_DESCRIPTION_Low energy lighting in 98% of fixed outlets,0.0,0.0
ROOF_DESCRIPTION_Average thermal transmittance 0.50 W/m-¦K,0.0,0.0
ROOF_DESCRIPTION_Average thermal transmittance 0.48 W/m-¦K,0.0,0.0
"ROOF_DESCRIPTION_Pitched, 400 mm loft insulation",0.0,0.0
WINDOWS_DESCRIPTION_Partial triple glazing,0.0,0.0
"MAINHEAT_DESCRIPTION_Boiler and radiators, anthracite",0.0,0.0
WALLS_DESCRIPTION_Average thermal transmittance 0.84 W/m-¦K,0.0,0.0
"MAINHEAT_DESCRIPTION_Boiler and radiators, LPG, Electric storage heaters",0.0,0.0
"MAINHEAT_DESCRIPTION_Boiler and radiators, LPG, Boiler and underfloor heating, mains gas",0.0,0.0
"MAINHEAT_DESCRIPTION_Boiler and radiators, LPG, Boiler and underfloor heating, LPG",0.0,0.0
"MAINHEAT_DESCRIPTION_Boiler and radiators, LPG, Boiler and radiators, wood logs",0.0,0.0
"MAINHEAT_DESCRIPTION_Boiler and radiators, LPG, Boiler and radiators, coal",0.0,0.0
FLOOR_DESCRIPTION_Average thermal transmittance 0.32 W/m-¦K,0.0,0.0
FLOOR_DESCRIPTION_Average thermal transmittance 0.31 W/m-¦K,0.0,0.0
FLOOR_DESCRIPTION_Average thermal transmittance 0.3 W/m-¦K,0.0,0.0
FLOOR_DESCRIPTION_Average thermal transmittance 0.29 W/m-¦K,0.0,0.0
FLOOR_DESCRIPTION_Average thermal transmittance 0.28 W/m-¦K,0.0,0.0
FLOOR_DESCRIPTION_Average thermal transmittance 0.27 W/m-¦K,0.0,0.0
"MAINHEAT_DESCRIPTION_Air source heat pump fan coil units, electric",0.0,0.0
"MAINHEAT_DESCRIPTION_Boiler & underfloor, oil",0.0,0.0
"MAINHEAT_DESCRIPTION_Boiler & underfloor, LPG",0.0,0.0
"MAINHEAT_DESCRIPTION_Air source heat pump, warm air, electric, Boiler and radiators, mains gas",0.0,0.0
"MAINHEAT_DESCRIPTION_Air source heat pump, warm air, electric, Air source heat pump, underfloor, electric",0.0,0.0
"MAINHEAT_DESCRIPTION_Air source heat pump, underfloor, mains gas",0.0,0.0
"MAINHEAT_DESCRIPTION_Air source heat pump, underfloor, electric, Boiler and underfloor heating, mains gas",0.0,0.0
"MAINHEAT_DESCRIPTION_Air source heat pump, underfloor, electric, Boiler and underfloor heating, electric",0.0,0.0
"MAINHEAT_DESCRIPTION_Air source heat pump, underfloor, electric, Boiler and radiators, oil",0.0,0.0
"MAINHEAT_DESCRIPTION_Air source heat pump, underfloor, electric, Boiler and radiators, mains gas",0.0,0.0
"MAINHEAT_DESCRIPTION_Air source heat pump, Underfloor heating and radiators, pipes in screed above insulation, electric",0.0,0.0
"MAINHEAT_DESCRIPTION_Air source heat pump, Underfloor heating and radiators, pipes in insulated timber floor, electric",0.0,0.0
"MAINHEAT_DESCRIPTION_Air source heat pump, Underfloor heating and radiators, pipes in concrete slab, electric",0.0,0.0
"MAINHEAT_DESCRIPTION_Air source heat pump, Systems with radiators, electric",0.0,0.0
"MAINHEAT_DESCRIPTION_Air source heat pump, , electric",0.0,0.0
FLOOR_DESCRIPTION_Average thermal transmittance 0.26 W/m-¦K,0.0,0.0
MAIN_FUEL_electricity (community),0.0,0.0
ROOF_DESCRIPTION_Average thermal transmittance 0.46 W/m-¦K,0.0,0.0
ROOF_DESCRIPTION_Average thermal transmittance 0.45 W/m-¦K,0.0,0.0
ROOF_DESCRIPTION_Average thermal transmittance 0.42 W/m-¦K,0.0,0.0
ROOF_DESCRIPTION_Average thermal transmittance 0.40 W/m-¦K,0.0,0.0
ROOF_DESCRIPTION_Average thermal transmittance 0.4 W/m-¦K,0.0,0.0
ROOF_DESCRIPTION_Average thermal transmittance 0.37 W/m-¦K,0.0,0.0
ROOF_DESCRIPTION_Average thermal transmittance 0.36 W/m-¦K,0.0,0.0
ROOF_DESCRIPTION_Average thermal transmittance 0.35 W/m-¦K,0.0,0.0
ROOF_DESCRIPTION_Average thermal transmittance 0.34 W/m-¦K,0.0,0.0
ROOF_DESCRIPTION_Average thermal transmittance 0.33 W/m-¦K,0.0,0.0
ROOF_DESCRIPTION_Average thermal transmittance 0.32 W/m-¦K,0.0,0.0
ROOF_DESCRIPTION_Average thermal transmittance 0.31 W/m-¦K,0.0,0.0
WALLS_DESCRIPTION_Average thermal transmittance 0.11 W/m-¦K,0.0,0.0
"HOTWATER_DESCRIPTION_Community scheme, no cylinder thermostat",0.0,0.0
ROOF_DESCRIPTION_Average thermal transmittance 0.26 W/m-¦K,0.0,0.0
ROOF_DESCRIPTION_Average thermal transmittance 0.25 W/m-¦K,0.0,0.0
ROOF_DESCRIPTION_Average thermal transmittance 0.24 W/m-¦K,0.0,0.0
ROOF_DESCRIPTION_Average thermal transmittance 0.23 W/m-¦K,0.0,0.0
ROOF_DESCRIPTION_Average thermal transmittance 0.21 W/m-¦K,0.0,0.0
ROOF_DESCRIPTION_Average thermal transmittance 0.14 W/m+é-¦K,0.0,0.0
ROOF_DESCRIPTION_Average thermal transmittance 0.08 W/m-¦K,0.0,0.0
MAIN_FUEL_wood chips,0.0,0.0
MAIN_FUEL_smokeless coal,0.0,0.0
MAIN_FUEL_oil - this is for backwards compatibility only and should not be used,0.0,0.0
MAIN_FUEL_oil (community),0.0,0.0
MAIN_FUEL_house coal (not community),0.0,0.0
ENERGY_TARIFF_5,0.0,0.0
ROOF_DESCRIPTION_Average thermal transmittance 0.30 W/m-¦K,0.0,0.0
WALLS_DESCRIPTION_Average thermal transmittance 0.10 W/m-¦K,0.0,0.0
WALLS_DESCRIPTION_Average thermal transmittance 0.08 W/m-¦K,0.0,0.0
WALLS_DESCRIPTION_Average thermal transmittance 0.07 W/m-¦K,0.0,0.0
WALLS_DESCRIPTION_Average thermal transmittance 0.05 W/m-¦K,0.0,0.0
WALLS_DESCRIPTION_Average thermal transmittance 0.00 W/m-¦K,0.0,0.0
"ROOF_DESCRIPTION_Pitched, 12 mm loft insulation",0.0,0.0
MAIN_FUEL_bulk wood pellets,0.0,0.0
FLOOR_DESCRIPTION_Average thermal transmittance 0.22 W/m-¦K,0.0,0.0
FLOOR_DESCRIPTION_Average thermal transmittance 0.2 W/m-¦K,0.0,0.0
FLOOR_DESCRIPTION_Average thermal transmittance 0.16 W/m+é-¦K,0.0,0.0
MAIN_FUEL_biogas (not community),0.0,0.0
MAIN_FUEL_appliances able to use mineral oil or liquid biofuel,0.0,0.0
ROOF_DESCRIPTION_Average thermal transmittance 0.3 W/m-¦K,0.0,0.0
TRANSACTION_TYPE_assessment for green deal,0.0,0.0
ROOF_DESCRIPTION_Average thermal transmittance 0.28 W/m-¦K,0.0,0.0
"ROOF_DESCRIPTION_Pitched, 0 mm loft insulation",0.0,0.0
"ROOF_DESCRIPTION_Pitched, *** INVALID INPUT Code : 57 *** loft insulation",0.0,0.0
"ROOF_DESCRIPTION_Flat, insulated",0.0,0.0
ROOF_DESCRIPTION_Average thermal transmittance 2.30 W/m-¦K,0.0,0.0
ROOF_DESCRIPTION_Average thermal transmittance 2.3 W/m-¦K,0.0,0.0
ROOF_DESCRIPTION_Average thermal transmittance 1.87 W/m-¦K,0.0,0.0
ROOF_DESCRIPTION_Average thermal transmittance 1.62 W/m-¦K,0.0,0.0
ROOF_DESCRIPTION_Average thermal transmittance 0.75 W/m-¦K,0.0,0.0
ROOF_DESCRIPTION_Average thermal transmittance 0.65 W/m-¦K,0.0,0.0
ROOF_DESCRIPTION_Average thermal transmittance 0.59 W/m-¦K,0.0,0.0
ROOF_DESCRIPTION_Average thermal transmittance 0.54 W/m-¦K,0.0,0.0
ROOF_DESCRIPTION_Average thermal transmittance 0.53 W/m-¦K,0.0,0.0
TRANSACTION_TYPE_re-mortgaging,0.0,0.0
ROOF_DESCRIPTION_Average thermal transmittance 0.29 W/m-¦K,0.0,0.0
"MAINHEAT_DESCRIPTION_Boiler and radiators, mains gas, Boiler and underfloor heating, mains gas",-1.447441172208741e-06,0.00012509961299360476
LIGHTING_DESCRIPTION_Low energy lighting in 24% of fixed outlets,-1.6903220306563326e-06,3.380644061312665e-06
"MAINHEAT_DESCRIPTION_Boiler and underfloor heating, electric",-3.2409764069596393e-06,6.191393049638199e-05
HOTWATER_DESCRIPTION_Electric heat pump for water heating only,-3.2409764069596393e-06,6.191393049638197e-05
FLOOR_DESCRIPTION_Average thermal transmittance 0.52 W/m-¦K,-3.7332915939769507e-06,0.00010516894021074648
LIGHTING_DESCRIPTION_Low energy lighting in 77% of fixed outlets,-4.479708019955453e-06,9.004455017595066e-05
TRANSACTION_TYPE_Non-grant scheme (e.g. MEES),-1.4673487600536106e-05,9.191027593174717e-05
"MAINHEAT_DESCRIPTION_Boiler and underfloor heating, LPG",-1.516318354037871e-05,3.032636708075742e-05
MAIN_FUEL_Unknown,-1.7839093318117173e-05,0.00018219032286229063
MAINHEATCONT_DESCRIPTION_Unknown,-1.7919477708838726e-05,3.583895541767745e-05
FLOOR_DESCRIPTION_Average thermal transmittance 0.53 W/m-¦K,-1.7919477708838726e-05,3.583895541767745e-05
MAIN_FUEL_To be used only when there is no heating/hot-water system or data is from a community network,-1.7919477708838726e-05,3.583895541767745e-05
MAINHEAT_DESCRIPTION_Portable electric heaters assumed for most rooms,-1.7919477708838726e-05,3.583895541767745e-05
WALLS_DESCRIPTION_Average thermal transmittance 0.61 W/m-¦K,-1.7919477708838726e-05,3.583895541767745e-05
"WALLS_DESCRIPTION_Timber frame, with additional insulation",-1.7919477708838726e-05,3.583895541767745e-05
WALLS_DESCRIPTION_Average thermal transmittance 0.31 W/m-¦K,-1.7919477708838726e-05,3.583895541767745e-05
WALLS_DESCRIPTION_Average thermal transmittance 0.96 W/m-¦K,-1.7919477708838726e-05,3.583895541767745e-05
MAIN_FUEL_LPG - this is for backwards compatibility only and should not be used,-2.1159113788216112e-05,4.231822757643223e-05
MAIN_FUEL_biomass (community),-2.1159113788216112e-05,4.231822757643223e-05
"MAINHEAT_DESCRIPTION_Air source heat pump, warm air, electric",-2.1159113788216112e-05,4.2318227576432224e-05
"MAINHEAT_DESCRIPTION_Air source heat pump, Underfloor heating, pipes in screed above insulation, electric",-2.1159113788216112e-05,4.2318227576432224e-05
LIGHTING_DESCRIPTION_Low energy lighting in 39% of fixed outlets,-2.1159113788216112e-05,4.2318227576432224e-05
"MAINHEAT_DESCRIPTION_Ground source heat pump, warm air, electric",-2.1159113788216112e-05,4.2318227576432224e-05
LIGHTING_DESCRIPTION_Low energy lighting in 47% of fixed outlets,-2.1159113788216112e-05,4.231822757643223e-05
ROOF_DESCRIPTION_Average thermal transmittance 0.19 W/m-¦K,-2.1159113788216112e-05,4.231822757643223e-05
LIGHTING_DESCRIPTION_Low energy lighting in 66% of fixed outlets,-2.1159113788216112e-05,4.2318227576432224e-05
"WALLS_DESCRIPTION_System built, as built, partial insulation (assumed)",-2.1159113788216112e-05,4.2318227576432224e-05
"MAINHEATCONT_DESCRIPTION_Flat rate charging, programmer and TRVs",-2.1679537217722534e-05,8.999929439053222e-05
"ROOF_DESCRIPTION_Pitched, 225 mm loft insulation",-2.2921488121641075e-05,0.00010692834905350468
"WALLS_DESCRIPTION_Cob, as built",-2.440009019517575e-05,7.407438691991964e-05
LIGHTING_DESCRIPTION_Low energy lighting in 85% of fixed outlets,-2.81743127714007e-05,0.00041230501184857043
"MAINHEATCONT_DESCRIPTION_Flat rate charging, programmer and room thermostat",-2.9330183829601175e-05,8.327756634363498e-05
FLOOR_DESCRIPTION_Average thermal transmittance 0.18 W/m-¦K,-2.99003345722193e-05,0.0002419673773913749
WALLS_DESCRIPTION_Average thermal transmittance 0.39 W/m-¦K,-3.1392339218561105e-05,6.278467843712222e-05
ROOF_DESCRIPTION_Average thermal transmittance 0.17 W/m-¦K,-3.168216814544156e-05,0.00015538705522518203
LIGHTING_DESCRIPTION_Low energy lighting in 91% of fixed outlets,-3.4337909885184815e-05,8.589162322454174e-05
LIGHTING_DESCRIPTION_Low energy lighting in 61% of fixed outlets,-3.509253899169895e-05,7.01850779833979e-05
"FLOOR_DESCRIPTION_To external air, no insulation (assumed)",-3.509253899169895e-05,7.01850779833979e-05
CONSTRUCTION_AGE_BAND_England and Wales: 2022 onwards,-3.509253899169895e-05,7.01850779833979e-05
"WALLS_DESCRIPTION_Granite or whinstone, as built, no insulation (assumed)",-3.583895541767745e-05,4.3893576843832264e-05
LIGHTING_DESCRIPTION_Low energy lighting in 55% of fixed outlets,-4.3130072892827444e-05,0.0007185131277495533
LIGHTING_DESCRIPTION_Low energy lighting in 38% of fixed outlets,-4.369791576606108e-05,0.0002651995141187248
"ROOF_DESCRIPTION_Roof room(s), insulated (assumed)",-4.4088308948109224e-05,8.817661789621845e-05
WALLS_DESCRIPTION_Average thermal transmittance 0.21 W/m-¦K,-4.999848858331379e-05,0.0001690094797049749
LIGHTING_DESCRIPTION_Low energy lighting in 92% of fixed outlets,-5.078205523045831e-05,0.000789502935449118
MAIN_FUEL_mains gas (community),-5.201750030852104e-05,0.00017325539768180907
"MAINHEATCONT_DESCRIPTION_Flat rate charging, room thermostat only",-5.375843312651618e-05,4.3893576843832264e-05
LIGHTING_DESCRIPTION_Low energy lighting in 97% of fixed outlets,-5.4457978393629423e-05,7.027882030112842e-05
WALLS_DESCRIPTION_Average thermal transmittance 0.14 W/m-¦K,-5.9938990780494805e-05,0.0001678104695883626
LIGHTING_DESCRIPTION_Low energy lighting in 27% of fixed outlets,-6.200778665694795e-05,8.648391602034396e-05
WINDOWS_DESCRIPTION_Some secondary glazing,-6.346965141692528e-05,8.462299807191574e-05
"ROOF_DESCRIPTION_Pitched, limited insulation",-6.347734136464833e-05,5.182903219061748e-05
WALLS_DESCRIPTION_Average thermal transmittance 0.36 W/m-¦K,-6.524742273632534e-05,8.775083610598979e-05
LIGHTING_DESCRIPTION_Low energy lighting in 45% of fixed outlets,-6.560085731628362e-05,8.774335831772677e-05
MAIN_FUEL_LPG special condition,-6.744287250330938e-05,0.00013488574500661877
"MAINHEAT_DESCRIPTION_Boiler, mains gas",-6.744287250330938e-05,0.00013488574500661877
"ROOF_DESCRIPTION_Pitched, 175 mm loft insulation",-6.744287250330938e-05,0.00013488574500661877
FLOOR_DESCRIPTION_Average thermal transmittance 0.30 W/m-¦K,-6.744287250330938e-05,0.00013488574500661877
GLAZED_AREA_Less Than Typical,-6.744287250330938e-05,0.00013488574500661877
ROOF_DESCRIPTION_Average thermal transmittance 0.15 W/m-¦K,-7.672226350621258e-05,0.00012563804823342834
GLAZED_AREA_Much Less Than Typical,-7.685820836926816e-05,5.61919255908986e-05
"WALLS_DESCRIPTION_Solid brick, with internal insulation",-7.954732584154467e-05,0.00011705664609259911
FLOOR_DESCRIPTION_Average thermal transmittance 0.38 W/m-¦K,-8.640653652454144e-05,8.203588445539851e-05
LIGHTING_DESCRIPTION_Low energy lighting in 36% of fixed outlets,-8.857576934482304e-05,8.651327916990651e-05
TRANSACTION_TYPE_FiT application,-8.860198629152549e-05,0.00013088519306704612
CONSTRUCTION_AGE_BAND_2020,-9.498727054244594e-05,0.002571920359085461
"ROOF_DESCRIPTION_Pitched, 125 mm loft insulation",-0.00010579556894108055,0.0
LIGHTING_DESCRIPTION_Low energy lighting in 28% of fixed outlets,-0.00010579556894108055,0.0
CONSTRUCTION_AGE_BAND_England and Wales: 2007 onwards,-0.00011778604377841174,0.00016654157035674009
WINDOWS_ENERGY_EFF_Poor,-0.00011909656956130555,0.0009668463439643715
LIGHTING_DESCRIPTION_Low energy lighting in 21% of fixed outlets,-0.00012000437295012212,0.0004704546729800349
WIND_TURBINE_COUNT,-0.00012160809077039758,9.13062474056149e-05
ENERGY_TARIFF_Unknown,-0.00012340046153211937,0.0023437748321680474
"FLOOR_DESCRIPTION_To unheated space, insulated (assumed)",-0.000123718225042313,3.5845312202464896e-05
FLOOR_DESCRIPTION_Average thermal transmittance 0.24 W/m-¦K,-0.000123718225042313,3.58453122024649e-05
CONSTRUCTION_AGE_BAND_INVALID!,-0.00012556935687424442,6.278467843712221e-05
LIGHTING_DESCRIPTION_Low energy lighting in 53% of fixed outlets,-0.00013169855608430314,0.0004110316128644876
ROOF_DESCRIPTION_Average thermal transmittance 0.22 W/m-¦K,-0.0001358109916304029,4.230140892480527e-05
TRANSACTION_TYPE_rental (social),-0.0001406962045436222,0.000510581482451215
LIGHTING_DESCRIPTION_Low energy lighting in 30% of fixed outlets,-0.00014164088114354545,4.390136228339923e-05
WINDOWS_DESCRIPTION_Partial secondary glazing,-0.00015018680076264168,0.00012691740870092683
"MAINHEAT_DESCRIPTION_Electric storage heaters, radiators",-0.00015429204575931888,4.2341298398351764e-05
FLOOR_DESCRIPTION_Average thermal transmittance 0.10 W/m-¦K,-0.00015429204575931888,4.2341298398351764e-05
LIGHTING_DESCRIPTION_Low energy lighting in 67% of fixed outlets,-0.00017113733913487472,0.00037725563256521023
"MAINHEATCONT_DESCRIPTION_Flat rate charging, TRVs",-0.00017206313132118735,0.0007240308817349135
CONSTRUCTION_AGE_BAND_2023,-0.00017312135708817954,0.0009366816939654216
"ROOF_DESCRIPTION_Pitched, 75 mm loft insulation",-0.0001747701732290885,0.0009393494089372178
FLOOR_DESCRIPTION_Average thermal transmittance 0.25 W/m-¦K,-0.00017546269495849476,0.0
MAIN_FUEL_mains gas - this is for backwards compatibility only and should not be used,-0.00017606427796044156,0.0003062134620050412
"WALLS_DESCRIPTION_System built, with internal insulation",-0.0001763532357924369,8.817661789621845e-05
"GLAZED_TYPE_double, known data",-0.00018032753261272295,0.00014309008870299334
"MAINHEAT_DESCRIPTION_Boiler and radiators, mains gas, Boiler and radiators, mains gas",-0.00018565799466394584,0.0005068910202330286
"MAINHEAT_DESCRIPTION_Air source heat pump , electric",-0.00019338295485025193,3.584051978351433e-05
ROOF_DESCRIPTION_Average thermal transmittance 0.16 W/m-¦K,-0.00019474430897545859,0.0005225062107900243
ROOF_DESCRIPTION_Average thermal transmittance 0.14 W/m-¦K,-0.00019718469892444636,0.00036596953179587286
"WALLS_DESCRIPTION_Timber frame, as built, partial insulation (assumed)",-0.0002048271854160122,0.00022013176327217911
"MECHANICAL_VENTILATION_mechanical extract, decentralised (MEV dc)",-0.0002090134123748255,4.388486519030859e-05
LIGHTING_DESCRIPTION_Low energy lighting in 8% of fixed outlets,-0.00022366860257656552,6.189844212655994e-05
LIGHTING_DESCRIPTION_Low energy lighting in 56% of fixed outlets,-0.00023219913007661576,0.0005823265031124631
"WALLS_DESCRIPTION_Solid brick, as built, no insulation (assumed)",-0.00023995594040173706,0.003681199621490133
"ROOF_DESCRIPTION_Pitched, no insulation",-0.00024196258552799943,0.000948867588518711
WINDOWS_DESCRIPTION_Fully triple glazed,-0.000256181892375329,9.032463780924133e-05
LIGHTING_DESCRIPTION_Low energy lighting in 71% of fixed outlets,-0.0002671743145897132,0.001139060083209158
LIGHTING_DESCRIPTION_Low energy lighting in 89% of fixed outlets,-0.00027864970594357883,0.0007236883715676369
TRANSACTION_TYPE_ECO assessment,-0.00028123201379679494,0.0009986881723703723
MAINHEATCONT_DESCRIPTION_Controls for high heat retention storage heaters,-0.000292397587341342,0.0007102127782802881
WALLS_DESCRIPTION_Average thermal transmittance 0.41 W/m-¦K,-0.0003372143625165469,0.0
"ROOF_DESCRIPTION_Pitched, Unknown loft insulation",-0.0003389476804595892,0.0007948244418023125
MAINHEATCONT_DESCRIPTION_Room thermostat only,-0.0003418963507416439,0.00014229641835350083
WALLS_DESCRIPTION_Average thermal transmittance 0.26 W/m-¦K,-0.00034371819544347647,0.00027833601738190544
"WALLS_DESCRIPTION_Sandstone, as built, insulated (assumed)",-0.0003583758725142605,4.2323019995427204e-05
"WALLS_DESCRIPTION_Sandstone or limestone, as built, no insulation (assumed)",-0.0003633618444036868,0.0007267236888073736
LIGHTING_DESCRIPTION_Low energy lighting in 13% of fixed outlets,-0.00038128132211252553,0.0007186022833648372
FLOOR_DESCRIPTION_Average thermal transmittance 0.15 W/m-¦K,-0.00038542434029049667,0.002680918525907077
BUILT_FORM_Enclosed End-Terrace,-0.00042825013369420797,6.586591963266217e-05
"MAINHEAT_DESCRIPTION_Warm air, mains gas",-0.00043479728244524287,9.7859300869223e-05
"WALLS_DESCRIPTION_System built, as built, no insulation (assumed)",-0.00043862282476256895,0.0001451038902592766
CONSTRUCTION_AGE_BAND_2024,-0.0004507353141585124,0.0007195338327237274
CONSTRUCTION_AGE_BAND_England and Wales: 1976-1982,-0.0004840550222688922,0.002165556508091012
PROPERTY_AGE_GROUP_1976-1982,-0.0004840550222688922,0.002165556508091012
FLOOR_AREA_BAND_100–150 m²,-0.0005435061272590858,0.0018922673978197851
LIGHTING_DESCRIPTION_Low energy lighting in 50% of fixed outlets,-0.0005537557404195371,0.0005470174207569156
MAINHEATCONT_DESCRIPTION_Programmer and appliance thermostats,-0.0005540585516309093,0.003015743398313535
LIGHTING_DESCRIPTION_Low energy lighting in 75% of fixed outlets,-0.0005584583548239985,0.002588660300988446
ROOF_ENERGY_EFF_Poor,-0.0006306789453811356,0.0006686569888248133
WALLS_DESCRIPTION_Average thermal transmittance 0.16 W/m-¦K,-0.0006514999137049226,0.0011424493965889447
MAINHEATC_ENERGY_EFF_Average,-0.0006780488382674976,0.002808501400476676
TENURE_rental (private),-0.0006888348868474336,0.0005784986897040188
MAINHEAT_DESCRIPTION_Community scheme,-0.0007199816413264948,0.0024095367711409773
LIGHTING_DESCRIPTION_No low energy lighting,-0.0007680243693457545,0.00017065057340282037
LIGHTING_DESCRIPTION_Low energy lighting in 15% of fixed outlets,-0.0008908949777487463,0.0018351648242713335
LIGHTING_DESCRIPTION_Low energy lighting in 31% of fixed outlets,-0.0010401003379456597,0.0
TRANSACTION_TYPE_rental (private),-0.0010578491228645515,0.0017978281856056303
LIGHTING_ENERGY_EFF_Very Poor,-0.001078004426651491,0.0004917057370354482
LIGHTING_DESCRIPTION_Low energy lighting in 95% of fixed outlets,-0.001093112354646153,7.03753931182075e-05
FLOOR_DESCRIPTION_Average thermal transmittance 0.12 W/m-¦K,-0.0011555435426376048,0.0012563107556559133
CONSTRUCTION_AGE_BAND_England and Wales: 2007-2011,-0.0011561417870018299,0.0036815943838814646
PROPERTY_AGE_GROUP_2007-2011,-0.0011561417870018299,0.0036815943838814646
PROPERTY_AGE_GROUP_1991-1995,-0.0011752622052575656,0.001329646211212121
CONSTRUCTION_AGE_BAND_England and Wales: 1991-1995,-0.0011752622052575656,0.001329646211212121
ROOF_DESCRIPTION_Average thermal transmittance 0.1 W/m-¦K,-0.0011795994851752979,0.0023751790648168115
PROPERTY_TYPE_Maisonette,-0.001227828746037707,0.004360907055709968
"ROOF_DESCRIPTION_Pitched, 270 mm loft insulation",-0.0012429596719495395,0.0021995986435488736
ENERGY_TARIFF_off-peak 10 hour,-0.0012971524807706247,0.0009675800172153423
ENERGY_TARIFF_standard tariff,-0.0013389726836093852,0.0031229868958538094
TRANSACTION_TYPE_marketed sale,-0.0013573914412849941,0.005692654967413693
TRANSACTION_TYPE_not sale or rental,-0.001365440778700866,0.000857874079560584
"HOTWATER_DESCRIPTION_From main system, plus solar",-0.0014207292111493518,0.002393069238068597
"MAINHEAT_DESCRIPTION_Boiler with radiators and underfloor heating, LPG",-0.0014492067957736054,0.0007130188056280457
"MAINHEAT_DESCRIPTION_Ground source heat pump, underfloor, electric",-0.0015242739742712397,0.0
"MAINHEAT_DESCRIPTION_Boiler and underfloor heating, mains gas",-0.0015757391332731352,0.003294298686529336
WINDOWS_DESCRIPTION_Some double glazing,-0.0016183783598368918,0.00020918766355226275
"FLOOR_DESCRIPTION_Solid, insulated (assumed)",-0.0017873368880581887,0.00279866505713323
LIGHTING_DESCRIPTION_Low energy lighting in 25% of fixed outlets,-0.0018029567763239384,0.0022084156745726933
TENURE_owner-occupied,-0.0018102788332050369,0.000961307545151343
"MAINHEAT_DESCRIPTION_Boiler and radiators, oil, Boiler and underfloor heating, oil",-0.001816809222018434,0.0
MAIN_FUEL_dual fuel - mineral + wood,-0.001816809222018434,0.0
LIGHTING_DESCRIPTION_Low energy lighting in 88% of fixed outlets,-0.0018858673075825116,0.001490889702443217
"ROOF_DESCRIPTION_Pitched, 300 mm loft insulation",-0.0022298760002431805,0.0027879571347059775
PROPERTY_TYPE_Bungalow,-0.002373574088509556,0.0038967524857973653
LIGHTING_DESCRIPTION_Excelent lighting efficiency,-0.0023778891396671886,0.0023090648075633365
"ROOF_DESCRIPTION_Pitched, 100 mm loft insulation",-0.002535072086165724,0.0010851090855104634
PROPERTY_TYPE_House,-0.002632633632742598,0.003471008634678703
TENURE_Owner-occupied,-0.003000075123729329,0.002211159819567667
FLOOR_AREA_BAND_150–200 m²,-0.0031725407590968537,0.002762931747268682
"MAINHEAT_DESCRIPTION_Boiler and radiators, oil",-0.0036678241440824878,0.0027122005529255943
LIGHTING_ENERGY_EFF_Good,-0.004110359265446251,0.005053484392053363
ROOF_DESCRIPTION_Average thermal transmittance 0.09 W/m-¦K,-0.004204552499969538,0.0008662498309466669
"ROOF_DESCRIPTION_Pitched, insulated at rafters",-0.0043431264647394,0.00020814483971988358
GLAZED_TYPE_Unknown,-0.00447670526638837,0.0034348453293542563
GLAZED_AREA_Unknown,-0.00447670526638837,0.0034348453293542563
"HOTWATER_DESCRIPTION_From main system, no cylinder thermostat",-0.004502179659785832,0.0007719838971891835
"MAINHEATCONT_DESCRIPTION_Programmer, no room thermostat",-0.0046182676665436516,0.0004078445109479447
"GLAZED_TYPE_double glazing, unknown install date",-0.004698571348114089,0.004136338634595798
HOTWATER_DESCRIPTION_From main system,-0.004704656952944442,0.006454404612830007
TENURE_Not defined - use in the case of a new dwelling for which the intended tenure in not known. It is not to be used for an existing dwelling,-0.004716639814436841,0.001855224543774883
WALLS_DESCRIPTION_Average thermal transmittance 0.24 W/m-¦K,-0.005092321545851752,0.0006076415870183104
ROOF_ENERGY_EFF_Average,-0.00518630450473836,0.0028971241979635653
CONSTRUCTION_AGE_BAND_England and Wales: 1900-1929,-0.005199887197492581,0.0046022705792868246
PROPERTY_AGE_GROUP_1900-1929,-0.005199887197492581,0.0046022705792868246
"MAIN_FUEL_Electricity: electricity, unspecified tariff",-0.00532051678376122,0.0058990752655318345
"HOTWATER_DESCRIPTION_From main system, waste water heat recovery",-0.005894447140462433,0.0002832676497746451
WINDOWS_DESCRIPTION_High performance glazing,-0.00616676648298149,0.002718581410147378
"WALLS_DESCRIPTION_Cavity wall, as built, no insulation (assumed)",-0.006949022374265712,0.002578865337845473
MAINS_GAS_FLAG_Y,-0.007573665597021506,0.003690287003350536
LOW_LIGHTING_BAND_26–50%,-0.00930908993240267,0.0031731287455882312
