Feature,MDI_Importance
INSULATION_QUALITY_SCORE,0.039243792638389015
HOT_WATER_ENERGY_EFF_Good,0.023221201636893216
WINDOWS_ENERGY_EFF_Very Good,0.02226253150177528
TOTAL_FLOOR_AREA,0.019968041222144253
WALLS_ENERGY_EFF_Good,0.01895660193182478
SOLAR_WATER_HEATING_FLAG_Unknown,0.016487447608505745
FLOOR_HEIGHT,0.016085971852408548
MAIN_FUEL_Gas: mains gas,0.016050626765890766
ENERGY_TARIFF_standard tariff,0.015673679862138766
WALLS_ENERGY_EFF_Very Good,0.015603541974783593
WINDOWS_DESCRIPTION_High performance glazing,0.015578881446458127
"WALLS_DESCRIPTION_Solid brick, as built, no insulation (assumed)",0.014553096185583526
WALLS_ENERGY_EFF_Very Poor,0.014308072100841607
WINDOWS_DESCRIPTION_Fully double glazed,0.014207720291975222
FIXED_LIGHTING_OUTLETS_COUNT,0.014071126883302847
MAINS_GAS_FLAG_Y,0.014046923450968852
MAIN_FUEL_mains gas (not community),0.01394906728076275
TRANSACTION_TYPE_new dwelling,0.013715087722992408
"WALLS_DESCRIPTION_Cavity wall, as built, insulated (assumed)",0.013531562584635764
MAINHEAT_ENERGY_EFF_Good,0.01310440708198065
ROOF_ENERGY_EFF_Very Poor,0.012765411147606369
MAINHEATCONT_DESCRIPTION_Time and temperature zone control,0.012104246279400882
HOT_WATER_ENERGY_EFF_Average,0.01185124821956579
NUMBER_OPEN_FIREPLACES,0.011844300199809185
WALLS_ENERGY_EFF_Poor,0.011262231809467484
MAINS_GAS_FLAG_Unknown,0.011187507943705448
NUMBER_HEATED_ROOMS,0.010732225588103073
LOW_ENERGY_LIGHTING,0.010064996824568996
IS_LOW_EFFICIENCY_HEATING,0.009654372441581245
PROPERTY_TYPE_Flat,0.009598810039753873
TENURE_Not defined - use in the case of a new dwelling for which the intended tenure in not known. It is not to be used for an existing dwelling,0.009506195304139117
NUMBER_HABITABLE_ROOMS,0.009351162057524951
FLOOR_DESCRIPTION_(another dwelling below),0.008653532176026636
"WALLS_DESCRIPTION_Cavity wall, as built, no insulation (assumed)",0.008230994392046801
"MAINHEATCONT_DESCRIPTION_Programmer, room thermostat and TRVs",0.008204825121263588
SOLAR_WATER_HEATING_FLAG_N,0.007850354820500604
TENURE_Rented (social),0.0077979410842249
TRANSACTION_TYPE_rental,0.007704853203006588
MAINS_GAS_FLAG_N,0.007668082667434587
EXTENSION_COUNT,0.007519488554596652
BUILT_FORM_Detached,0.007453733099242004
GLAZED_AREA_Unknown,0.007362729880363088
PROPERTY_AGE_GROUP_Unknown,0.007296338005115216
MAINHEATC_ENERGY_EFF_Good,0.00706504523601974
"MAINHEAT_DESCRIPTION_Boiler and radiators, mains gas",0.006936325478406683
HOT_WATER_ENERGY_EFF_Very Poor,0.006865497266929699
MAINHEATC_ENERGY_EFF_Very Good,0.006697518646265139
ROOF_ENERGY_EFF_Unknown,0.006610130648921197
HOTWATER_DESCRIPTION_From main system,0.006604906491200894
ROOF_DESCRIPTION_(another dwelling above),0.0065790582261054
HOT_WATER_ENERGY_EFF_Poor,0.006529267931417699
MECHANICAL_VENTILATION_natural,0.006421404221151046
BUILT_FORM_Mid-Terrace,0.006241789535782449
ROOF_ENERGY_EFF_Very Good,0.006192265805745258
"FLOOR_DESCRIPTION_Solid, no insulation (assumed)",0.006157209703688116
TRANSACTION_TYPE_marketed sale,0.006102163228608082
"ROOF_DESCRIPTION_Pitched, no insulation (assumed)",0.005794508351820866
WINDOWS_ENERGY_EFF_Good,0.00578747958065429
"WALLS_DESCRIPTION_Cavity wall, filled cavity",0.005666103810879461
TENURE_Owner-occupied,0.005643277602485041
PROPERTY_TYPE_House,0.0056127960570316986
GLAZED_TYPE_double glazing installed during or after 2002,0.005260604538711937
MAINHEAT_ENERGY_EFF_Very Poor,0.005224388686526056
LIGHTING_DESCRIPTION_Low energy lighting in all fixed outlets,0.0051393706116897595
MAINHEAT_ENERGY_EFF_Average,0.00503309716785459
ENERGY_TARIFF_Single,0.004919964233378548
LOW_LIGHTING_BAND_76–100%,0.0047910465358916654
WINDOWS_ENERGY_EFF_Average,0.004757351637462676
MULTI_GLAZE_PROPORTION,0.004710109120677406
MAINHEATC_ENERGY_EFF_Average,0.00469409159096899
"FLOOR_DESCRIPTION_Suspended, no insulation (assumed)",0.004641234492416673
"MAINHEAT_DESCRIPTION_Room heaters, electric",0.00439860426174843
WALLS_ENERGY_EFF_Average,0.004387681947574063
MAINHEATCONT_DESCRIPTION_Programmer and room thermostat,0.004358441199518566
GLAZED_TYPE_Unknown,0.004283167846507488
ROOF_ENERGY_EFF_Good,0.004237623042098573
GLAZED_AREA_Normal,0.004052762116153623
"GLAZED_TYPE_double glazing, unknown install date",0.003863264506813392
LIGHTING_ENERGY_EFF_Very Good,0.00372574132637218
ROOF_ENERGY_EFF_Average,0.0036671100412802946
BUILT_FORM_Semi-Detached,0.00365333412745549
CONSTRUCTION_AGE_BAND_England and Wales: 1900-1929,0.003547789107391163
MAINHEAT_ENERGY_EFF_Poor,0.0035255146412579226
PROPERTY_AGE_GROUP_2007-2011,0.0032700647699132317
FLOOR_AREA_BAND_<50 m²,0.0032687233146995753
PROPERTY_TYPE_Bungalow,0.003119235964774318
"HOTWATER_DESCRIPTION_Electric immersion, standard tariff",0.0030322859349070767
PHOTO_SUPPLY,0.002940923696325824
FLOOR_AREA_BAND_75–100 m²,0.002859859349855294
FLOOR_AREA_BAND_50–75 m²,0.002854318641384142
MAIN_FUEL_oil (not community),0.0028347038000026983
"MAINHEAT_DESCRIPTION_Boiler and radiators, oil",0.0027757247700040464
MAIN_FUEL_electricity (not community),0.0027402526597882343
"HOTWATER_DESCRIPTION_From main system, no cylinder thermostat",0.002727743591058677
"FLOOR_DESCRIPTION_Solid, insulated (assumed)",0.0026294865145935035
FLOOR_AREA_BAND_100–150 m²,0.002602924500445017
CONSTRUCTION_AGE_BAND_England and Wales: 2007-2011,0.002600919472663953
PROPERTY_AGE_GROUP_1900-1929,0.0025641491272175017
MECHANICAL_VENTILATION_Unknown,0.002487330544431127
ENERGY_TARIFF_dual,0.0024026520542750865
CONSTRUCTION_AGE_BAND_England and Wales: before 1900,0.0023121063766508706
"HOTWATER_DESCRIPTION_Electric immersion, off-peak",0.0022459519998066784
CONSTRUCTION_AGE_BAND_England and Wales: 1950-1966,0.0022080509796988303
BUILT_FORM_End-Terrace,0.002178490327124354
"MAINHEAT_DESCRIPTION_Boiler and radiators, LPG",0.0021664851654387847
CONSTRUCTION_AGE_BAND_England and Wales: 2003-2006,0.0021438499192046414
PROPERTY_AGE_GROUP_Pre-1900,0.002127566561667656
TENURE_Rented (private),0.0020764147547274346
"ROOF_DESCRIPTION_Pitched, 100 mm loft insulation",0.0020644490957600252
"FLOOR_DESCRIPTION_Suspended, insulated (assumed)",0.0020565275863905414
PROPERTY_AGE_GROUP_1950-1966,0.0020395254243062173
FLOOR_DESCRIPTION_(other premises below),0.0019096973456863443
"MAIN_FUEL_Electricity: electricity, unspecified tariff",0.0018626157882325755
PROPERTY_AGE_GROUP_2012+,0.0018609920572330017
CONSTRUCTION_AGE_BAND_England and Wales: 2012 onwards,0.001831000207344156
ROOF_ENERGY_EFF_Poor,0.001803850340133332
PROPERTY_AGE_GROUP_1983-1990,0.0017353267106673474
PROPERTY_AGE_GROUP_1967-1975,0.001727830076686079
LIGHTING_ENERGY_EFF_Good,0.0017127052778303968
PROPERTY_AGE_GROUP_1930-1949,0.001692462404015071
MAINHEATCONT_DESCRIPTION_Programmer and appliance thermostats,0.0016740007150754855
TRANSACTION_TYPE_ECO assessment,0.0016653685782111202
ENERGY_TARIFF_Unknown,0.0016078046576715862
"ROOF_DESCRIPTION_Pitched, 300 mm loft insulation",0.0015929899700162747
WINDOWS_ENERGY_EFF_Very Poor,0.001584102712614396
CONSTRUCTION_AGE_BAND_England and Wales: 1967-1975,0.0015666173400612593
MAINHEATC_ENERGY_EFF_Poor,0.0015485875245639894
TRANSACTION_TYPE_not sale or rental,0.001545059981178521
PROPERTY_AGE_GROUP_2003-2006,0.0015293150065896174
HOT_WATER_ENERGY_EFF_Very Good,0.0015121460555530947
FLOOR_AREA_BAND_>200 m²,0.0015072593248931711
CONSTRUCTION_AGE_BAND_England and Wales: 1983-1990,0.0015036056702048815
GLAZED_TYPE_not defined,0.0014881266640883737
LOW_LIGHTING_BAND_26–50%,0.0014718861501963065
HEATED_ROOM_RATIO,0.001433824562378269
MAINHEAT_ENERGY_EFF_Very Good,0.0014245227627149128
LOW_LIGHTING_BAND_51–75%,0.0014058440502643227
ROOF_DESCRIPTION_Average thermal transmittance 0.11 W/m-¦K,0.0013962316362265967
GLAZED_TYPE_double glazing installed before 2002,0.0013776231272829343
MAINHEAT_DESCRIPTION_Electric storage heaters,0.00136568446703885
CONSTRUCTION_AGE_BAND_England and Wales: 1930-1949,0.0013533768710956731
ENERGY_TARIFF_off-peak 7 hour,0.0012691576260917459
WINDOWS_ENERGY_EFF_Poor,0.001228774654363436
LIGHTING_ENERGY_EFF_Average,0.0012180706970958178
PROPERTY_AGE_GROUP_1976-1982,0.0011999931562556138
MAINHEAT_DESCRIPTION_Community scheme,0.0011923913138307026
"ROOF_DESCRIPTION_Pitched, 200 mm loft insulation",0.0011858880968037137
FLOOR_AREA_BAND_150–200 m²,0.0011526801733909707
CONSTRUCTION_AGE_BAND_England and Wales: 1976-1982,0.001118136860711432
LIGHTING_DESCRIPTION_Good lighting efficiency,0.0011008289878445916
"ROOF_DESCRIPTION_Pitched, insulated (assumed)",0.0010925957017030332
"ROOF_DESCRIPTION_Pitched, 150 mm loft insulation",0.0010794676249329881
MAINHEATCONT_DESCRIPTION_Manual charge control,0.00107932804311795
PROPERTY_TYPE_Maisonette,0.0010631904387039706
LIGHTING_DESCRIPTION_Excellent lighting efficiency,0.0010616212343036542
"MAINHEAT_DESCRIPTION_Air source heat pump, radiators, electric",0.0010545192674224584
MAINHEATC_ENERGY_EFF_Very Poor,0.0010389522331429174
"ROOF_DESCRIPTION_Pitched, 250 mm loft insulation",0.0010326589693011449
PROPERTY_AGE_GROUP_1996-2002,0.0009719396421269574
PROPERTY_AGE_GROUP_1991-1995,0.0009681307412527288
TENURE_owner-occupied,0.0009674910249146907
"ROOF_DESCRIPTION_Pitched, 50 mm loft insulation",0.0009583788450344925
CONSTRUCTION_AGE_BAND_England and Wales: 1996-2002,0.000954781689929479
MAIN_FUEL_Gas: bulk LPG,0.0009460315993639814
TRANSACTION_TYPE_Stock condition survey,0.0009421404214915226
LIGHTING_DESCRIPTION_No low energy lighting,0.000926571652463875
"MAINHEAT_DESCRIPTION_Boiler and underfloor heating, mains gas",0.0009129715336340647
CONSTRUCTION_AGE_BAND_England and Wales: 1991-1995,0.0009086606715720495
"WALLS_DESCRIPTION_Timber frame, as built, insulated (assumed)",0.0008839272220576441
GLAZED_AREA_Much More Than Typical,0.0008712032598126459
"MAINHEATCONT_DESCRIPTION_Programmer, TRVs and bypass",0.0008509869101577796
LIGHTING_ENERGY_EFF_Very Poor,0.0008474960106594813
FLOOR_DESCRIPTION_Average thermal transmittance 0.15 W/m-¦K,0.0008308187295464112
WALLS_DESCRIPTION_Average thermal transmittance 0.24 W/m-¦K,0.0008094650923773074
LIGHTING_ENERGY_EFF_Poor,0.0008046550364846049
ROOF_DESCRIPTION_(other premises above),0.0008023855657070944
CONSTRUCTION_AGE_BAND_2022,0.0008019287565673667
HOTWATER_DESCRIPTION_Community scheme,0.0007890983092745965
GLAZED_AREA_More Than Typical,0.0007819663491289848
"ROOF_DESCRIPTION_Pitched, limited insulation (assumed)",0.0007723212940201682
"WALLS_DESCRIPTION_Cavity wall, as built, partial insulation (assumed)",0.0007656042697799689
"MAINHEATCONT_DESCRIPTION_Programmer, no room thermostat",0.0007647864696075314
LOW_LIGHTING_BAND_0%,0.0007583581985224233
WINDOWS_DESCRIPTION_Single glazed,0.0007578109977745153
MAINHEATCONT_DESCRIPTION_Controls for high heat retention storage heaters,0.0007324469800297782
MAIN_FUEL_LPG (not community),0.0007172423771310683
WINDOWS_DESCRIPTION_Mostly double glazing,0.0007021824234384747
WALLS_DESCRIPTION_Average thermal transmittance 0.16 W/m-¦K,0.000686920093831692
LIGHTING_DESCRIPTION_Below average lighting efficiency,0.0006840412320984116
"ROOF_DESCRIPTION_Pitched, 75 mm loft insulation",0.000683061791063355
LOW_LIGHTING_BAND_1–25%,0.0006778950445624983
CONSTRUCTION_AGE_BAND_2020,0.0006728162954831718
"ROOF_DESCRIPTION_Pitched, 400+ mm loft insulation",0.0006633829734102468
WALLS_DESCRIPTION_Average thermal transmittance 0.25 W/m-¦K,0.0006514392768851761
"GLAZED_TYPE_double, known data",0.000645959982016094
WINDOWS_DESCRIPTION_Partial double glazing,0.0006419085577500311
WALLS_DESCRIPTION_Average thermal transmittance 0.18 W/m-¦K,0.0006295994668723477
SOLAR_WATER_HEATING_FLAG_Y,0.0006164295879736334
"MAINHEAT_DESCRIPTION_Boiler and radiators, electric",0.0006059360334846369
BUILT_FORM_Not Recorded,0.0006019313235085817
MAIN_FUEL_mains gas (community),0.0005993808760713158
"ROOF_DESCRIPTION_Pitched, 270 mm loft insulation",0.0005905866769096295
CONSTRUCTION_AGE_BAND_Unknown,0.0005850315275936516
HAS_SOLAR_WATER_HEATING,0.0005817240878049406
"MAINHEAT_DESCRIPTION_Air source heat pump, underfloor, electric",0.0005772437289509673
"HOTWATER_DESCRIPTION_From main system, waste water heat recovery",0.0005765028818844219
GLAZED_AREA_NO DATA!,0.0005740586048587783
BUILT_FORM_Enclosed End-Terrace,0.0005713462114615437
CONSTRUCTION_AGE_BAND_2024,0.0005634138024721608
CONSTRUCTION_AGE_BAND_2023,0.0005582780080713263
WALLS_DESCRIPTION_Average thermal transmittance 0.22 W/m-¦K,0.000553979778274284
MAINHEATCONT_DESCRIPTION_Appliance thermostats,0.0005506028942458374
HOTWATER_DESCRIPTION_Electric instantaneous at point of use,0.0005494681683759925
"HOTWATER_DESCRIPTION_From main system, plus solar",0.0005455060523972803
LIGHTING_DESCRIPTION_Excelent lighting efficiency,0.000538439644056547
CONSTRUCTION_AGE_BAND_2021,0.0005243893281352184
GLAZED_TYPE_NO DATA!,0.0005206303729773244
"MAINHEAT_DESCRIPTION_Warm air, mains gas",0.0005163262097902297
"FLOOR_DESCRIPTION_Solid, limited insulation (assumed)",0.0004884473306201117
TRANSACTION_TYPE_non marketed sale,0.000479406544856919
"ROOF_DESCRIPTION_Pitched, no insulation",0.0004731026352642676
"WALLS_DESCRIPTION_System built, as built, no insulation (assumed)",0.0004670617707419145
FLOOR_DESCRIPTION_Average thermal transmittance 0.16 W/m-¦K,0.000456663783315851
WALLS_DESCRIPTION_Average thermal transmittance 0.27 W/m-¦K,0.00045504358505018335
ENERGY_TARIFF_off-peak 10 hour,0.0004500831741067372
"MAINHEATCONT_DESCRIPTION_Flat rate charging, TRVs",0.0004409409244934453
LIGHTING_DESCRIPTION_Low energy lighting in 50% of fixed outlets,0.00043253597910198493
WALLS_DESCRIPTION_Average thermal transmittance 0.23 W/m-¦K,0.00042705830495153333
LIGHTING_DESCRIPTION_Low energy lighting in 75% of fixed outlets,0.00041572995933311733
WINDOWS_DESCRIPTION_Some double glazing,0.00041327981432581366
LIGHTING_DESCRIPTION_Low energy lighting in 67% of fixed outlets,0.00041186419257811644
MAINHEATCONT_DESCRIPTION_Automatic charge control,0.00041099068893032595
BUILT_FORM_Enclosed Mid-Terrace,0.0004052067000450486
FLOOR_DESCRIPTION_Average thermal transmittance 0.11 W/m-¦K,0.00040180121177015715
FLOOR_DESCRIPTION_Average thermal transmittance 0.12 W/m-¦K,0.00039777850597750767
"ROOF_DESCRIPTION_Pitched, insulated at rafters",0.0003959289742936611
WALLS_DESCRIPTION_Average thermal transmittance 0.21 W/m-¦K,0.0003874603615009066
"ROOF_DESCRIPTION_Pitched, 350 mm loft insulation",0.00038190975985333134
GLAZED_TYPE_secondary glazing,0.0003758707752295028
"ROOF_DESCRIPTION_Pitched, insulated",0.00037246346484068966
ROOF_DESCRIPTION_Average thermal transmittance 0.09 W/m-¦K,0.000368549044410679
LIGHTING_DESCRIPTION_Low energy lighting in 80% of fixed outlets,0.0003663435438852527
TRANSACTION_TYPE_rental (private),0.00036436103634378053
CONSTRUCTION_AGE_BAND_2025,0.0003638555031528417
TENURE_rental (private),0.0003624339836688037
"ROOF_DESCRIPTION_Pitched, 25 mm loft insulation",0.00033692997717769285
LIGHTING_DESCRIPTION_Low energy lighting in 83% of fixed outlets,0.000331601939447056
ROOF_DESCRIPTION_Average thermal transmittance 0.12 W/m-¦K,0.00032970183139649815
MAINHEATCONT_DESCRIPTION_No thermostatic control of room temperature,0.00032330234355705734
CONSTRUCTION_AGE_BAND_England and Wales: 2012-2021,0.00031859919164877566
MAINHEATCONT_DESCRIPTION_Room thermostat only,0.00031786362092352873
MAINHEAT_DESCRIPTION_No system present: electric heaters assumed,0.0003176600559626379
PROPERTY_TYPE_Park home,0.00031501494625111085
"WALLS_DESCRIPTION_Timber frame, as built, partial insulation (assumed)",0.00031472910656465
WALLS_DESCRIPTION_Average thermal transmittance 0.19 W/m-¦K,0.00031438036535326154
ROOF_DESCRIPTION_Average thermal transmittance 0.15 W/m-¦K,0.00030052628001453854
"ROOF_DESCRIPTION_Flat, insulated (assumed)",0.00029533402775736744
LIGHTING_DESCRIPTION_Low energy lighting in 86% of fixed outlets,0.00029092613927537205
LIGHTING_DESCRIPTION_Low energy lighting in 33% of fixed outlets,0.0002859151024933039
"WALLS_DESCRIPTION_Solid brick, with internal insulation",0.0002842610336243298
FLOOR_DESCRIPTION_Average thermal transmittance 0.13 W/m-¦K,0.0002795019132601571
TRANSACTION_TYPE_RHI application,0.00027864045208696924
MAINHEATCONT_DESCRIPTION_Programmer and room thermostats,0.0002761438413662918
LIGHTING_DESCRIPTION_Low energy lighting in 71% of fixed outlets,0.0002735222769892778
"FLOOR_DESCRIPTION_Suspended, limited insulation (assumed)",0.0002674465555308757
MAINHEATCONT_DESCRIPTION_Unknown,0.0002670215591242981
"ROOF_DESCRIPTION_Roof room(s), no insulation (assumed)",0.0002666532704007855
LIGHTING_DESCRIPTION_Low energy lighting in 88% of fixed outlets,0.00025937942322308316
"ROOF_DESCRIPTION_Roof room(s), insulated (assumed)",0.0002589214243597941
MECHANICAL_VENTILATION_NO DATA!,0.00025828069711278465
WINDOWS_DESCRIPTION_Full secondary glazing,0.0002558776913188885
"MAINHEAT_DESCRIPTION_Boiler with radiators and underfloor heating, mains gas",0.0002522915805498404
FLOOR_DESCRIPTION_Average thermal transmittance 0.18 W/m-¦K,0.00024978267403605705
LIGHTING_DESCRIPTION_Low energy lighting in 60% of fixed outlets,0.00024568137963727386
MAIN_FUEL_To be used only when there is no heating/hot-water system or data is from a community network,0.0002450091674415527
"ROOF_DESCRIPTION_Flat, no insulation (assumed)",0.0002438434287973837
TRANSACTION_TYPE_none of the above,0.0002430974672202132
LIGHTING_DESCRIPTION_Low energy lighting in 90% of fixed outlets,0.00024189078863908413
ROOF_DESCRIPTION_Average thermal transmittance 0.16 W/m-¦K,0.00024185003114962766
TENURE_rental (social),0.0002413589020175196
"FLOOR_DESCRIPTION_To unheated space, no insulation (assumed)",0.00023786599789390575
LIGHTING_DESCRIPTION_Low energy lighting in 40% of fixed outlets,0.00023681484004366984
ROOF_DESCRIPTION_Average thermal transmittance 0.13 W/m-¦K,0.00023649446425934984
MAIN_FUEL_bottled LPG,0.00023254368002068894
"MAINHEATCONT_DESCRIPTION_Charging system linked to use of community heating, programmer and at least two room thermostats",0.00023229429009612192
ROOF_DESCRIPTION_Pitched,0.00023224591969726272
LIGHTING_DESCRIPTION_Low energy lighting in 78% of fixed outlets,0.00023189709678528365
"ROOF_DESCRIPTION_Roof room(s), ceiling insulated",0.00022878100245894218
TENURE_unknown,0.0002246983016277241
"FLOOR_DESCRIPTION_Suspended, insulated",0.00022012935560170388
"MECHANICAL_VENTILATION_mechanical, extract only",0.00021899893970454208
"ROOF_DESCRIPTION_Flat, limited insulation (assumed)",0.00021853487142679828
"WALLS_DESCRIPTION_Solid brick, with external insulation",0.00021832856825169833
LIGHTING_DESCRIPTION_Low energy lighting in 89% of fixed outlets,0.0002141572565386991
MAINHEATCONT_DESCRIPTION_Programmer and at least two room thermostats,0.00021357113185433015
WALLS_DESCRIPTION_Average thermal transmittance 0.20 W/m-¦K,0.00021289746795881027
ROOF_DESCRIPTION_Average thermal transmittance 0.14 W/m-¦K,0.0002101607100187302
LIGHTING_DESCRIPTION_Low energy lighting in 57% of fixed outlets,0.0002091407640593492
"WALLS_DESCRIPTION_System built, with external insulation",0.00020712330149909812
WALLS_DESCRIPTION_Average thermal transmittance 0.17 W/m-¦K,0.0002035792805270315
LIGHTING_DESCRIPTION_Low energy lighting in 82% of fixed outlets,0.00020308418801870173
"FLOOR_DESCRIPTION_Solid, insulated",0.00020156823655268643
CONSTRUCTION_AGE_BAND_NO DATA!,0.0001990023811250831
FLOOR_DESCRIPTION_Average thermal transmittance 0.08 W/m-¦K,0.00019883140552855955
"WALLS_DESCRIPTION_Sandstone or limestone, as built, no insulation (assumed)",0.0001957787000015152
"WALLS_DESCRIPTION_Timber frame, as built, no insulation (assumed)",0.00019172271904959273
"MAINHEAT_DESCRIPTION_Boiler and underfloor heating, LPG",0.00019152674456067553
"WALLS_DESCRIPTION_Park home wall, as built",0.00019049224328800634
"MECHANICAL_VENTILATION_mechanical, supply and extract",0.00018746324305320605
MAINHEAT_DESCRIPTION_Electric underfloor heating,0.00018076203394630866
WINDOWS_DESCRIPTION_Partial secondary glazing,0.0001790979201604162
"MAINHEATCONT_DESCRIPTION_Flat rate charging, programmer and TRVs",0.00017705314907176954
LIGHTING_DESCRIPTION_Low energy lighting in 25% of fixed outlets,0.00017682268068558056
ROOF_DESCRIPTION_Average thermal transmittance 0.1 W/m-¦K,0.0001765831907954153
WALLS_DESCRIPTION_Average thermal transmittance 0.29 W/m-¦K,0.0001733698846774642
"WALLS_DESCRIPTION_Solid brick, as built, insulated (assumed)",0.00017177620114594992
LIGHTING_DESCRIPTION_Low energy lighting in 64% of fixed outlets,0.00017149536404531827
"MAINHEAT_DESCRIPTION_Boiler and radiators, mains gas, Boiler and underfloor heating, mains gas",0.00017140547541627535
MAIN_FUEL_Unknown,0.00017121143386028719
MAINHEATCONT_DESCRIPTION_TRVs and bypass,0.00016524499200043838
ROOF_DESCRIPTION_Average thermal transmittance 0.10 W/m-¦K,0.0001637805307828381
ROOF_DESCRIPTION_Average thermal transmittance 0.18 W/m-¦K,0.0001610053380435099
"WALLS_DESCRIPTION_System built, as built, insulated (assumed)",0.00015924877940815804
ROOF_DESCRIPTION_Average thermal transmittance 0.17 W/m-¦K,0.00015913406898015927
FLOOR_DESCRIPTION_Average thermal transmittance 0.14 W/m-¦K,0.0001587150344195606
LIGHTING_DESCRIPTION_Low energy lighting in 70% of fixed outlets,0.00015703692671183983
WALLS_DESCRIPTION_Average thermal transmittance 0.13 W/m-¦K,0.0001568284659741842
MAINHEATCONT_DESCRIPTION_No time or thermostatic control of room temperature,0.00015648109209618705
LIGHTING_DESCRIPTION_Low energy lighting in 92% of fixed outlets,0.00015548863829408579
LIGHTING_DESCRIPTION_Low energy lighting in 91% of fixed outlets,0.00015339169717814793
WALLS_DESCRIPTION_Average thermal transmittance 0.26 W/m-¦K,0.00015332610121058935
FLOOR_DESCRIPTION_Average thermal transmittance 0.22 W/m-¦K,0.00015061182923521875
FLOOR_DESCRIPTION_Average thermal transmittance 0.21 W/m-¦K,0.0001471978724193918
LIGHTING_DESCRIPTION_Low energy lighting in 38% of fixed outlets,0.00014480984546631838
TRANSACTION_TYPE_Non-grant scheme (e.g. MEES),0.0001442180303321631
"MECHANICAL_VENTILATION_mechanical extract, decentralised (MEV dc)",0.000142579203091053
WINDOWS_DESCRIPTION_Fully triple glazed,0.0001403413560284641
LIGHTING_DESCRIPTION_Low energy lighting in 63% of fixed outlets,0.00014019704301431525
MAINHEATCONT_DESCRIPTION_Room thermostat and TRVs,0.0001391835697880159
LIGHTING_DESCRIPTION_Low energy lighting in 93% of fixed outlets,0.000138122103051405
LIGHTING_DESCRIPTION_Low energy lighting in 56% of fixed outlets,0.00013740736391289259
GLAZED_AREA_Less Than Typical,0.0001373629126930737
TRANSACTION_TYPE_rental (social),0.00013607580684610275
LIGHTING_DESCRIPTION_Low energy lighting in 73% of fixed outlets,0.00013599408995593827
"WALLS_DESCRIPTION_Granite or whinstone, as built, no insulation (assumed)",0.00013432349425375435
ROOF_DESCRIPTION_Average thermal transmittance 0.08 W/m-¦K,0.00013389463611389833
GLAZED_TYPE_triple glazing,0.0001318425767628535
WALLS_DESCRIPTION_Average thermal transmittance 0.10 W/m-¦K,0.00012843613771175484
WALLS_DESCRIPTION_Average thermal transmittance 0.3 W/m-¦K,0.00012573006687358892
LIGHTING_DESCRIPTION_Low energy lighting in 44% of fixed outlets,0.00012514114325138927
FLOOR_DESCRIPTION_Average thermal transmittance 0.10 W/m-¦K,0.00012367792383006243
"MAINHEAT_DESCRIPTION_Boiler and radiators, mains gas, Boiler and radiators, mains gas",0.00012171410653031247
"MAINHEAT_DESCRIPTION_Boiler and underfloor heating, mains gas, Boiler and radiators, mains gas",0.00012050207191269511
FLOOR_DESCRIPTION_Average thermal transmittance 0.17 W/m-¦K,0.00012046236186056788
LIGHTING_DESCRIPTION_Low energy lighting in 85% of fixed outlets,0.00011994806915319939
LIGHTING_DESCRIPTION_Low energy lighting in 29% of fixed outlets,0.00011964137121120417
WALLS_DESCRIPTION_Average thermal transmittance 0.30 W/m-¦K,0.00011880720151948096
WALLS_DESCRIPTION_Average thermal transmittance 0.14 W/m-¦K,0.00011846704426835675
WALLS_DESCRIPTION_Average thermal transmittance 0.15 W/m-¦K,0.0001184357001626525
WALLS_DESCRIPTION_Average thermal transmittance 0.28 W/m-¦K,0.0001155953143170786
HOTWATER_DESCRIPTION_No system present: electric immersion assumed,0.00011321610854047281
LIGHTING_DESCRIPTION_Low energy lighting in 43% of fixed outlets,0.00011236508070605264
MAIN_FUEL_mains gas - this is for backwards compatibility only and should not be used,0.00011206486306335916
FLOOR_DESCRIPTION_Average thermal transmittance 0.20 W/m-¦K,0.00011171924362075968
FLOOR_DESCRIPTION_Average thermal transmittance 0.23 W/m-¦K,0.00011094296894077857
WALLS_DESCRIPTION_Average thermal transmittance 0.2 W/m-¦K,0.00011000564188726917
MAINHEATCONT_DESCRIPTION_Temperature zone control,0.00010991223001989496
LIGHTING_DESCRIPTION_Low energy lighting in 94% of fixed outlets,0.00010925937550430325
LIGHTING_DESCRIPTION_Low energy lighting in 20% of fixed outlets,0.00010811272875626875
"MAINHEAT_DESCRIPTION_Air source heat pump, radiators and underfloor, electric",0.00010529592261439074
LIGHTING_DESCRIPTION_Low energy lighting in 17% of fixed outlets,0.0001052670165557512
"FLOOR_DESCRIPTION_To unheated space, insulated (assumed)",0.00010506846478999469
FLOOR_DESCRIPTION_Average thermal transmittance 0.19 W/m-¦K,0.00010352135500606128
LIGHTING_DESCRIPTION_Low energy lighting in 77% of fixed outlets,0.00010331901262352368
LIGHTING_DESCRIPTION_Low energy lighting in 62% of fixed outlets,0.00010309022596817979
LIGHTING_DESCRIPTION_Low energy lighting in 95% of fixed outlets,0.00010086913151615096
LIGHTING_DESCRIPTION_Low energy lighting in 58% of fixed outlets,9.992804832458633e-05
ROOF_DESCRIPTION_Average thermal transmittance 0.45 W/m-¦K,9.936525044575017e-05
BUILT_FORM_Unknown,9.677965685178653e-05
LIGHTING_DESCRIPTION_Low energy lighting in 36% of fixed outlets,9.60444806463157e-05
"HOTWATER_DESCRIPTION_From main system, flue gas heat recovery",9.511610000133369e-05
LIGHTING_DESCRIPTION_Low energy lighting in 79% of fixed outlets,9.489105609441103e-05
LIGHTING_DESCRIPTION_Low energy lighting in 45% of fixed outlets,9.487615592976154e-05
"ROOF_DESCRIPTION_Pitched, 125 mm loft insulation",9.48628552533793e-05
ENERGY_TARIFF_24 hour,9.180513271865512e-05
"MAINHEATCONT_DESCRIPTION_Charging system linked to use of community heating, programmer and TRVs",9.091837394051108e-05
"MAINHEAT_DESCRIPTION_Ground source heat pump, underfloor, electric",9.07063563395365e-05
LIGHTING_DESCRIPTION_Low energy lighting in 87% of fixed outlets,8.87571083244566e-05
LIGHTING_DESCRIPTION_Low energy lighting in 30% of fixed outlets,8.874638743868509e-05
CONSTRUCTION_AGE_BAND_2019,8.75561218036905e-05
LIGHTING_DESCRIPTION_Low energy lighting in 69% of fixed outlets,8.674156164980548e-05
"ROOF_DESCRIPTION_Flat, no insulation",8.37597389531306e-05
"ROOF_DESCRIPTION_Flat, insulated",8.275267996176774e-05
"MAINHEAT_DESCRIPTION_Boiler and underfloor heating, oil",8.191369637673857e-05
WINDOWS_DESCRIPTION_Multiple glazing throughout,8.137052182262725e-05
LIGHTING_DESCRIPTION_Low energy lighting in 55% of fixed outlets,8.12642839239472e-05
LIGHTING_DESCRIPTION_Low energy lighting in 42% of fixed outlets,8.083428469740014e-05
CONSTRUCTION_AGE_BAND_England and Wales: 2007 onwards,7.926075489723513e-05
WALLS_DESCRIPTION_Average thermal transmittance 0.33 W/m-¦K,7.909072853896359e-05
"FLOOR_DESCRIPTION_To external air, insulated (assumed)",7.791492326140185e-05
WINDOWS_DESCRIPTION_Some secondary glazing,7.788433875456506e-05
LIGHTING_DESCRIPTION_Low energy lighting in 96% of fixed outlets,7.574250412712686e-05
LIGHTING_DESCRIPTION_Low energy lighting in 81% of fixed outlets,7.489616388285327e-05
"ROOF_DESCRIPTION_Pitched, Unknown loft insulation",7.4592365517284e-05
MAIN_FUEL_dual fuel - mineral + wood,7.212564470063601e-05
LIGHTING_DESCRIPTION_Low energy lighting in 84% of fixed outlets,7.008736751986371e-05
LIGHTING_DESCRIPTION_Low energy lighting in 22% of fixed outlets,6.973492031920506e-05
"FLOOR_DESCRIPTION_To external air, no insulation (assumed)",6.924425168283168e-05
"MAINHEATCONT_DESCRIPTION_Charging system linked to use of community heating, TRVs",6.80977044462966e-05
LIGHTING_DESCRIPTION_Low energy lighting in 76% of fixed outlets,6.80117529680934e-05
"WALLS_DESCRIPTION_Park home wall, with external insulation",6.763288861052351e-05
"WALLS_DESCRIPTION_Cavity wall, with internal insulation",6.692315410267236e-05
MAINHEAT_DESCRIPTION_Portable electric heaters assumed for most rooms,6.646295683293537e-05
WALLS_DESCRIPTION_Average thermal transmittance 0.32 W/m-¦K,6.630697138728334e-05
"ROOF_DESCRIPTION_Pitched, 225 mm loft insulation",6.50027741054716e-05
MAIN_FUEL_LPG - this is for backwards compatibility only and should not be used,6.47779594006566e-05
LIGHTING_DESCRIPTION_Low energy lighting in 14% of fixed outlets,6.40998617663629e-05
CONSTRUCTION_AGE_BAND_England and Wales: 2022 onwards,6.390555938842025e-05
"MAINHEAT_DESCRIPTION_Electric storage heaters, radiators",6.383695690397652e-05
LIGHTING_DESCRIPTION_Low energy lighting in 53% of fixed outlets,6.362599562489759e-05
LIGHTING_DESCRIPTION_Low energy lighting in 65% of fixed outlets,6.34367336922297e-05
FLOOR_DESCRIPTION_Average thermal transmittance 0.35 W/m-¦K,6.321222388063613e-05
"MAINHEATCONT_DESCRIPTION_Flat rate charging, room thermostat only",6.280354392638043e-05
"MAINHEAT_DESCRIPTION_Boiler and radiators, mains gas, Electric underfloor heating",6.267630598648067e-05
FLOOR_DESCRIPTION_Average thermal transmittance 0.54 W/m-¦K,6.242854441267251e-05
FLOOR_DESCRIPTION_Average thermal transmittance 0.1 W/m-¦K,6.197818421371429e-05
WINDOWS_DESCRIPTION_Mostly secondary glazing,6.087948371757239e-05
FLOOR_DESCRIPTION_Average thermal transmittance 0.24 W/m-¦K,5.96979041509902e-05
WALLS_DESCRIPTION_Average thermal transmittance 0.34 W/m-¦K,5.886069268607316e-05
LIGHTING_DESCRIPTION_Low energy lighting in 61% of fixed outlets,5.849023173974775e-05
FLOOR_DESCRIPTION_Average thermal transmittance 0.09 W/m-¦K,5.832824027077055e-05
WALLS_DESCRIPTION_Average thermal transmittance 0.31 W/m-¦K,5.767349950143107e-05
WALLS_DESCRIPTION_Average thermal transmittance 0.36 W/m-¦K,5.650167682740871e-05
"ROOF_DESCRIPTION_Pitched, 175 mm loft insulation",5.642716207454478e-05
"ROOF_DESCRIPTION_Roof room(s), insulated",5.627948755229786e-05
WALLS_DESCRIPTION_Average thermal transmittance 0.40 W/m-¦K,5.606443266472147e-05
WALLS_DESCRIPTION_Average thermal transmittance 0.38 W/m-¦K,5.5773044900595065e-05
"MAINHEAT_DESCRIPTION_Electric storage heaters, Electric storage heaters",5.549070541820162e-05
TRANSACTION_TYPE_assessment for green deal,5.4720958818414176e-05
ROOF_DESCRIPTION_Thatched,5.3763872350654624e-05
LIGHTING_DESCRIPTION_Low energy lighting in 46% of fixed outlets,5.368279331786964e-05
WALLS_DESCRIPTION_Average thermal transmittance 0.42 W/m-¦K,5.333411867754963e-05
CONSTRUCTION_AGE_BAND_INVALID!,5.271453780640859e-05
HOTWATER_DESCRIPTION_Gas multipoint,5.26123003014093e-05
TRANSACTION_TYPE_following green deal,5.22649319948054e-05
WALLS_DESCRIPTION_Average thermal transmittance 0.45 W/m-¦K,5.1989856326973164e-05
"TRANSACTION_TYPE_Grant scheme (ECO, RHI, etc.)",5.162494500558345e-05
"MAINHEAT_DESCRIPTION_Ground source heat pump, radiators, electric",5.118735187278405e-05
LIGHTING_DESCRIPTION_Low energy lighting in 68% of fixed outlets,5.0899245332627106e-05
WALLS_DESCRIPTION_Average thermal transmittance 0.39 W/m-¦K,5.089560221906868e-05
FLOOR_DESCRIPTION_Average thermal transmittance 0.34 W/m-¦K,5.059625647264251e-05
"MAINHEAT_DESCRIPTION_Air source heat pump, underfloor, electric, Air source heat pump, radiators, electric",5.037928911979799e-05
FLOOR_DESCRIPTION_Average thermal transmittance 0.25 W/m-¦K,5.021930057071636e-05
"MAINHEAT_DESCRIPTION_Room heaters, mains gas",5.0162240184245375e-05
ENERGY_TARIFF_off-peak 18 hour,4.909072040173692e-05
LIGHTING_DESCRIPTION_Low energy lighting in 10% of fixed outlets,4.863325123164698e-05
LIGHTING_DESCRIPTION_Low energy lighting in 54% of fixed outlets,4.856684612327098e-05
WALLS_DESCRIPTION_Average thermal transmittance 0.12 W/m-¦K,4.853981673992867e-05
"ROOF_DESCRIPTION_Pitched, 12 mm loft insulation",4.8138820287053715e-05
LIGHTING_DESCRIPTION_Low energy lighting in 27% of fixed outlets,4.7624660997920797e-05
LIGHTING_DESCRIPTION_Low energy lighting in 41% of fixed outlets,4.7536273723418376e-05
LIGHTING_DESCRIPTION_Low energy lighting in 31% of fixed outlets,4.6944647794893935e-05
LIGHTING_DESCRIPTION_Low energy lighting in 13% of fixed outlets,4.645827725348236e-05
GLAZED_AREA_Much Less Than Typical,4.6436742745836515e-05
"MAINHEATCONT_DESCRIPTION_Charging system linked to use of community heating, room thermostat only",4.590985553237337e-05
"ROOF_DESCRIPTION_Roof room(s), limited insulation (assumed)",4.5629133249816894e-05
WALLS_DESCRIPTION_Average thermal transmittance 0.11 W/m-¦K,4.538534388159019e-05
LIGHTING_DESCRIPTION_Low energy lighting in 47% of fixed outlets,4.535800201351335e-05
ROOF_DESCRIPTION_Average thermal transmittance 0.07 W/m-¦K,4.471294420684314e-05
"HOTWATER_DESCRIPTION_Electric immersion, off-peak, plus solar",4.44438799072604e-05
LIGHTING_DESCRIPTION_Low energy lighting in 8% of fixed outlets,4.3916776916617375e-05
WALLS_DESCRIPTION_Average thermal transmittance 0.41 W/m-¦K,4.3490575955618544e-05
"ROOF_DESCRIPTION_Pitched, 400 mm loft insulation",4.345869314860821e-05
FLOOR_DESCRIPTION_Average thermal transmittance 0.26 W/m-¦K,4.3250681259817386e-05
FLOOR_DESCRIPTION_Average thermal transmittance 0.50 W/m-¦K,4.3205703106258535e-05
LIGHTING_DESCRIPTION_Low energy lighting in 97% of fixed outlets,4.315383658539346e-05
FLOOR_DESCRIPTION_Average thermal transmittance 0.70 W/m-¦K,4.308812433557858e-05
ROOF_DESCRIPTION_Average thermal transmittance 0.2 W/m-¦K,4.304596815075142e-05
ROOF_DESCRIPTION_Average thermal transmittance 0.19 W/m-¦K,4.260518749234876e-05
TRANSACTION_TYPE_rental (private) - this is for backwards compatibility only and should not be used,4.195735074233385e-05
WALLS_DESCRIPTION_Average thermal transmittance 0.35 W/m-¦K,4.102788085979113e-05
WALLS_DESCRIPTION_Average thermal transmittance 0.50 W/m-¦K,4.079382138991546e-05
LIGHTING_DESCRIPTION_Low energy lighting in 35% of fixed outlets,4.0482445910901034e-05
FLOOR_DESCRIPTION_Average thermal transmittance 0.61 W/m-¦K,4.033768051225451e-05
LIGHTING_DESCRIPTION_Low energy lighting in 24% of fixed outlets,3.9616695467163705e-05
"ROOF_DESCRIPTION_Flat, limited insulation",3.9540238617480746e-05
MAINHEAT_DESCRIPTION_Electric ceiling heating,3.932193012778391e-05
LIGHTING_DESCRIPTION_Low energy lighting in 11% of fixed outlets,3.924886446806732e-05
"HOTWATER_DESCRIPTION_Gas boiler/circulator, no cylinder thermostat",3.890377085173041e-05
WALLS_DESCRIPTION_Average thermal transmittance 0.59 W/m-¦K,3.843626301759411e-05
"MAINHEAT_DESCRIPTION_Boiler and radiators, oil, Boiler and underfloor heating, oil",3.815984670922679e-05
MECHANICAL_VENTILATION_mechanical ventilation with heat recovery (MVHR),3.777551802735955e-05
"WALLS_DESCRIPTION_Timber frame, with additional insulation",3.750998501026805e-05
LIGHTING_DESCRIPTION_Low energy lighting in 15% of fixed outlets,3.748198096623754e-05
WALLS_DESCRIPTION_Average thermal transmittance 0.55 W/m-¦K,3.6267867337585186e-05
"MAINHEATCONT_DESCRIPTION_Flat rate charging, programmer and room thermostat",3.6195286803761345e-05
LIGHTING_DESCRIPTION_Low energy lighting in 18% of fixed outlets,3.606636902508442e-05
WINDOWS_DESCRIPTION_Partial multiple glazing,3.5630489152008e-05
LIGHTING_DESCRIPTION_Low energy lighting in 21% of fixed outlets,3.55128612360142e-05
CONSTRUCTION_AGE_BAND_2026,3.535044077568254e-05
ENERGY_TARIFF_dual (24 hour),3.5321265075860936e-05
"ROOF_DESCRIPTION_Pitched, limited insulation",3.525774974972688e-05
CONSTRUCTION_AGE_BAND_2018,3.504745105327602e-05
WALLS_DESCRIPTION_Average thermal transmittance 0.37 W/m-¦K,3.498977126633377e-05
"WALLS_DESCRIPTION_Cavity wall, filled cavity and internal insulation",3.478944365081524e-05
FLOOR_DESCRIPTION_Average thermal transmittance 0.44 W/m-¦K,3.473614965620228e-05
MAIN_FUEL_Oil: heating oil,3.467327249052922e-05
LIGHTING_DESCRIPTION_Low energy lighting in 26% of fixed outlets,3.451661239095431e-05
LIGHTING_DESCRIPTION_Low energy lighting in 52% of fixed outlets,3.446882424071007e-05
"MAINHEAT_DESCRIPTION_Warm air, Electricaire",3.387764968081349e-05
CONSTRUCTION_AGE_BAND_2016,3.349984144637792e-05
LIGHTING_DESCRIPTION_Low energy lighting in 74% of fixed outlets,3.281236663653831e-05
"MAINHEAT_DESCRIPTION_Boiler and radiators, bottled LPG",3.271881565104651e-05
LIGHTING_DESCRIPTION_Low energy lighting in 72% of fixed outlets,3.2165259122955326e-05
"ROOF_DESCRIPTION_Thatched, with additional insulation",3.187475552525104e-05
MECHANICAL_VENTILATION_mechanical ventilation without heat recovery (MV),3.1831689872340095e-05
HOTWATER_DESCRIPTION_Gas boiler/circulator,3.1768070831224395e-05
"MAINHEAT_DESCRIPTION_Air source heat pump, Underfloor heating and radiators, pipes in screed above insulation, electric",3.171236198000881e-05
LIGHTING_DESCRIPTION_Low energy lighting in 23% of fixed outlets,3.1711042840721817e-05
MAIN_FUEL_wood logs,3.15980257205409e-05
MAINHEATCONT_DESCRIPTION_2207 Time and temperature zone control,3.158546793039129e-05
WALLS_DESCRIPTION_Average thermal transmittance 0.44 W/m-¦K,3.135260029148005e-05
LIGHTING_DESCRIPTION_Low energy lighting in 59% of fixed outlets,3.134237816606609e-05
WALLS_DESCRIPTION_Average thermal transmittance 0.48 W/m-¦K,3.087132383722715e-05
"MAINHEAT_DESCRIPTION_Air source heat pump , electric",3.0781899490143755e-05
FLOOR_DESCRIPTION_Average thermal transmittance 0.38 W/m-¦K,3.066159228146633e-05
"MAINHEATCONT_DESCRIPTION_Charging system linked to use of community heating, programmer and at least two room stats",3.0451933128832088e-05
"WALLS_DESCRIPTION_Sandstone, as built, no insulation (assumed)",3.0281337003916286e-05
"WALLS_DESCRIPTION_Cavity wall, with external insulation",3.023174970643395e-05
"MAINHEAT_DESCRIPTION_Boiler and underfloor heating, oil, Boiler and radiators, oil",3.0115297883430795e-05
FLOOR_DESCRIPTION_Average thermal transmittance 0.4 W/m-¦K,3.0068863029345797e-05
"MAINHEAT_DESCRIPTION_Air source heat pump, Underfloor heating, pipes in screed above insulation, electric",2.999347857530246e-05
FLOOR_DESCRIPTION_Average thermal transmittance 0.31 W/m-¦K,2.9911024468145848e-05
"WALLS_DESCRIPTION_Cob, as built",2.9842386692561862e-05
"MAINHEAT_DESCRIPTION_Boiler and underfloor heating, LPG, Boiler and radiators, LPG",2.9608364976894205e-05
ROOF_DESCRIPTION_Average thermal transmittance 0.23 W/m-¦K,2.950395623154333e-05
LIGHTING_DESCRIPTION_Low energy lighting in 28% of fixed outlets,2.909110005905492e-05
MAINHEATCONT_DESCRIPTION_Room thermostats only,2.893359546351225e-05
LIGHTING_DESCRIPTION_Low energy lighting in 48% of fixed outlets,2.8175651148804195e-05
FLOOR_DESCRIPTION_Average thermal transmittance 0.32 W/m-¦K,2.8119466230084538e-05
MAIN_FUEL_B30K (not community),2.765274257138547e-05
ROOF_DESCRIPTION_Average thermal transmittance 0.21 W/m-¦K,2.699846825820685e-05
HOTWATER_DESCRIPTION_Electric heat pump for water heating only,2.6751121414362178e-05
ROOF_DESCRIPTION_Average thermal transmittance 0.26 W/m-¦K,2.6707753095962843e-05
ROOF_DESCRIPTION_Average thermal transmittance 0.20 W/m-¦K,2.6450418815889432e-05
"MAINHEAT_DESCRIPTION_Ground source heat pump, warm air, electric",2.6258739425485347e-05
MAIN_FUEL_oil (community),2.6096114161675883e-05
"MAINHEAT_DESCRIPTION_Boiler and radiators, dual fuel (mineral and wood)",2.60709204876305e-05
ROOF_DESCRIPTION_Average thermal transmittance 0.29 W/m-¦K,2.597089543448716e-05
FLOOR_DESCRIPTION_Average thermal transmittance 0.28 W/m-¦K,2.5581156208262933e-05
"MAINHEAT_DESCRIPTION_Boiler & underfloor, LPG",2.5106305179451706e-05
FLOOR_DESCRIPTION_Average thermal transmittance 0.58 W/m-¦K,2.496769606406881e-05
LIGHTING_DESCRIPTION_Low energy lighting in 16% of fixed outlets,2.4797420734669543e-05
WALLS_DESCRIPTION_Average thermal transmittance 0.52 W/m-¦K,2.4792946937989727e-05
"MAINHEAT_DESCRIPTION_Boiler and radiators, coal",2.474065024225858e-05
FLOOR_DESCRIPTION_Average thermal transmittance 0.52 W/m-¦K,2.4691477269994923e-05
"MAINHEAT_DESCRIPTION_Boiler and radiators, mains gas, Electric storage heaters",2.4468195287156645e-05
MAIN_FUEL_house coal (not community),2.4387052663555573e-05
"WALLS_DESCRIPTION_System built, with internal insulation",2.3829033615235468e-05
WALLS_DESCRIPTION_Average thermal transmittance 0.60 W/m-¦K,2.3691707771896966e-05
CONSTRUCTION_AGE_BAND_1910,2.3582706335403502e-05
FLOOR_DESCRIPTION_Average thermal transmittance 0.29 W/m-¦K,2.3264348697813953e-05
"MAINHEAT_DESCRIPTION_Air source heat pump, warm air, electric",2.3235928604878342e-05
"MAINHEAT_DESCRIPTION_Boiler and radiators, B30K",2.3199522091229898e-05
WINDOWS_DESCRIPTION_Mostly multiple glazing,2.296215057439295e-05
"WALLS_DESCRIPTION_Solid brick, as built, partial insulation (assumed)",2.245799922600226e-05
WALLS_DESCRIPTION_Average thermal transmittance 0.46 W/m-¦K,2.2397811701472908e-05
"WALLS_DESCRIPTION_Cavity wall, filled cavity and external insulation",2.2352062048547197e-05
ROOF_DESCRIPTION_Average thermal transmittance 0.34 W/m-¦K,2.226611470825444e-05
"FLOOR_DESCRIPTION_To unheated space, limited insulation (assumed)",2.2115383517385856e-05
"MAINHEAT_DESCRIPTION_Room heaters, dual fuel (mineral and wood)",2.141387074787587e-05
FLOOR_DESCRIPTION_Average thermal transmittance 0.66 W/m-¦K,2.121291853041608e-05
MAIN_FUEL_NO DATA!,2.1047740820592486e-05
ROOF_DESCRIPTION_Average thermal transmittance 0.24 W/m-¦K,2.100183350925097e-05
WALLS_DESCRIPTION_Average thermal transmittance 2.10 W/m-¦K,2.0791066763276912e-05
ROOF_DESCRIPTION_Average thermal transmittance 0.36 W/m-¦K,2.0781123899379153e-05
"WALLS_DESCRIPTION_Granite or whinstone, as built, insulated (assumed)",2.0698395164184622e-05
"HOTWATER_DESCRIPTION_Electric instantaneous at point of use, waste water heat recovery",2.061251587837017e-05
WALLS_DESCRIPTION_Average thermal transmittance 0.57 W/m-¦K,2.0423785803149497e-05
"MAINHEAT_DESCRIPTION_Boiler and underfloor heating, mains gas, Boiler and underfloor heating, mains gas",2.042146076727796e-05
LIGHTING_DESCRIPTION_Low energy lighting in 37% of fixed outlets,2.039807274724439e-05
FLOOR_DESCRIPTION_Average thermal transmittance 0.27 W/m-¦K,2.025231930026921e-05
"HOTWATER_DESCRIPTION_Community scheme, no cylinder thermostat",2.0064255372163496e-05
CONSTRUCTION_AGE_BAND_1900,2.001153528625227e-05
"MAINHEATCONT_DESCRIPTION_Flat rate charging, no thermostatic control of room temperature",1.997692029518336e-05
"MAINHEAT_DESCRIPTION_Boiler and radiators, wood pellets",1.995209837073473e-05
FLOOR_DESCRIPTION_Average thermal transmittance 0.64 W/m-¦K,1.9902279304543232e-05
"MAINHEAT_DESCRIPTION_Boiler and radiators, oil, Boiler and radiators, oil",1.98938376276912e-05
"MAINHEAT_DESCRIPTION_Room heaters, wood logs",1.981996842345326e-05
"MAINHEAT_DESCRIPTION_Boiler and radiators, LPG, Boiler and underfloor heating, LPG",1.9802017763704784e-05
"WALLS_DESCRIPTION_Sandstone or limestone, as built, insulated (assumed)",1.9755133702095798e-05
"MAINHEAT_DESCRIPTION_Boiler and underfloor heating, electric",1.9686650539529693e-05
LIGHTING_DESCRIPTION_Low energy lighting in 6% of fixed outlets,1.966675663488469e-05
LIGHTING_DESCRIPTION_Low energy lighting in 7% of fixed outlets,1.9454990214805616e-05
LIGHTING_DESCRIPTION_Low energy lighting in 19% of fixed outlets,1.9345763618908186e-05
"MAINHEAT_DESCRIPTION_Boiler & underfloor, mains gas",1.9296252603211527e-05
WALLS_DESCRIPTION_Average thermal transmittance 0.43 W/m-¦K,1.9294998628320325e-05
"MAINHEAT_DESCRIPTION_Boiler and underfloor heating, electric, Boiler and radiators, electric",1.9109746589891624e-05
FLOOR_DESCRIPTION_Average thermal transmittance 0.43 W/m-¦K,1.90049880301669e-05
"WALLS_DESCRIPTION_Granite or whinstone, with internal insulation",1.8933637095601162e-05
"HOTWATER_DESCRIPTION_From main system, plus solar, no cylinder thermostat",1.8296163675922664e-05
HOTWATER_DESCRIPTION_Heat pump,1.79708826621265e-05
LIGHTING_DESCRIPTION_Low energy lighting in 12% of fixed outlets,1.760128327287571e-05
WALLS_DESCRIPTION_Average thermal transmittance 1.51 W/m-¦K,1.741129641009365e-05
LIGHTING_DESCRIPTION_Low energy lighting in 98% of fixed outlets,1.6976254833579136e-05
FLOOR_DESCRIPTION_Average thermal transmittance 0.48 W/m-¦K,1.674393316085111e-05
WALLS_DESCRIPTION_Average thermal transmittance 0.00 W/m-¦K,1.6717658109428796e-05
"MAINHEAT_DESCRIPTION_Electric storage heaters, Room heaters, electric",1.663203392218626e-05
LIGHTING_DESCRIPTION_Low energy lighting in 32% of fixed outlets,1.65297082730275e-05
"ROOF_DESCRIPTION_Roof room(s), thatched",1.6497902815633404e-05
WALLS_DESCRIPTION_Average thermal transmittance 0.49 W/m-¦K,1.6433288714854843e-05
MAIN_FUEL_To be used only when there is no heating/hot-water system,1.640542726430006e-05
TRANSACTION_TYPE_FiT application,1.5999862857841157e-05
WALLS_DESCRIPTION_Average thermal transmittance 0.65 W/m-¦K,1.5946168035834968e-05
LIGHTING_DESCRIPTION_Low energy lighting in 9% of fixed outlets,1.5714604910004102e-05
"MAINHEAT_DESCRIPTION_Boiler with radiators and underfloor heating, oil",1.52970320498483e-05
WALLS_DESCRIPTION_Average thermal transmittance 0.53 W/m-¦K,1.5028997322797976e-05
FLOOR_DESCRIPTION_Average thermal transmittance 0.65 W/m-¦K,1.495920914314658e-05
FLOOR_DESCRIPTION_Average thermal transmittance 0.62 W/m-¦K,1.475587550606658e-05
FLOOR_DESCRIPTION_Average thermal transmittance 0.8 W/m-¦K,1.4755056951495432e-05
ROOF_DESCRIPTION_Average thermal transmittance 0.42 W/m-¦K,1.4744984471242414e-05
ROOF_DESCRIPTION_(same dwelling above),1.4729922109649341e-05
"MAINHEAT_DESCRIPTION_Air source heat pump, underfloor, electric, Air source heat pump, underfloor, electric",1.4474688409156625e-05
LIGHTING_DESCRIPTION_Low energy lighting in 66% of fixed outlets,1.4209301080661192e-05
"MECHANICAL_VENTILATION_mechanical extract, centralised (MEV c)",1.4047085906629979e-05
LIGHTING_DESCRIPTION_Low energy lighting in 39% of fixed outlets,1.3782828655321552e-05
ROOF_DESCRIPTION_Average thermal transmittance 0.35 W/m-¦K,1.3729816689443308e-05
"GLAZED_TYPE_triple, known data",1.37108949348281e-05
TRANSACTION_TYPE_Stock Condition Survey,1.3693136665963832e-05
MAIN_FUEL_LPG special condition,1.3647412381282088e-05
ROOF_DESCRIPTION_Average thermal transmittance 0.28 W/m-¦K,1.3068317153550066e-05
WALLS_DESCRIPTION_Average thermal transmittance 0.56 W/m-¦K,1.2901276235857035e-05
LIGHTING_DESCRIPTION_Low energy lighting in 4% of fixed outlets,1.289756114387561e-05
ROOF_DESCRIPTION_Average thermal transmittance 0.32 W/m-¦K,1.2379203399848335e-05
WALLS_DESCRIPTION_Average thermal transmittance 1.23 W/m-¦K,1.2355721218114328e-05
FLOOR_DESCRIPTION_Average thermal transmittance 0.39 W/m-¦K,1.2329962253755369e-05
WALLS_DESCRIPTION_Average thermal transmittance 0.96 W/m-¦K,1.2180036517383366e-05
"FLOOR_DESCRIPTION_To external air, limited insulation (assumed)",1.1952936996388734e-05
"MAINHEAT_DESCRIPTION_Air source heat pump, radiators, electric, Air source heat pump, underfloor, electric",1.1890180881200358e-05
MAIN_FUEL_bulk wood pellets,1.1847965693361535e-05
WALLS_DESCRIPTION_Average thermal transmittance 0.63 W/m-¦K,1.1624464222500949e-05
"MAINHEAT_DESCRIPTION_Air source heat pump, , electric",1.1185489343086787e-05
FLOOR_DESCRIPTION_Average thermal transmittance 0.55 W/m-¦K,1.1159878315384605e-05
"MAINHEATCONT_DESCRIPTION_Programmer, TRVs and boiler energy manager",1.07018999892707e-05
FLOOR_DESCRIPTION_Average thermal transmittance 0.07 W/m-¦K,1.0701434501819457e-05
LIGHTING_DESCRIPTION_Low energy lighting in 99% of fixed outlets,1.058155214375705e-05
"MAINHEATCONT_DESCRIPTION_Flat rate charging, programmer, no room thermostat",1.0477495522846197e-05
WALLS_DESCRIPTION_Average thermal transmittance 0.64 W/m-¦K,1.044923757045617e-05
WALLS_DESCRIPTION_Average thermal transmittance 0.47 W/m-¦K,1.0296183939560417e-05
"HOTWATER_DESCRIPTION_From main system, flue gas heat recovery, waste water heat recovery",1.02919360917317e-05
"HOTWATER_DESCRIPTION_Electric heat pump for water heating only, no cylinder thermostat, plus solar",9.901023263537529e-06
ROOF_DESCRIPTION_Average thermal transmittance 0.05 W/m-¦K,9.887875055636284e-06
WALLS_DESCRIPTION_Average thermal transmittance 0.58 W/m-¦K,9.879400287500688e-06
"WALLS_DESCRIPTION_System built, as built, partial insulation (assumed)",9.785607235513387e-06
"MAINHEAT_DESCRIPTION_Boiler and radiators, wood logs",9.755597351517642e-06
"WALLS_DESCRIPTION_Granite or whin, as built, no insulation (assumed)",9.578262677322982e-06
FLOOR_DESCRIPTION_Average thermal transmittance 0.53 W/m-¦K,9.556996497001013e-06
"MAINHEAT_DESCRIPTION_Air source heat pump, Systems with radiators, electric",9.53609027464451e-06
WALLS_DESCRIPTION_Average thermal transmittance 0.54 W/m-¦K,9.3745866725236e-06
"WALLS_DESCRIPTION_Granite or whin, as built, insulated (assumed)",9.318886813454288e-06
ROOF_DESCRIPTION_Average thermal transmittance 0.25 W/m-¦K,9.174084056481335e-06
"HOTWATER_DESCRIPTION_Community scheme, plus solar",9.033523475905926e-06
"FLOOR_DESCRIPTION_To unheated space, insulated",8.782057934549197e-06
MAIN_FUEL_oil - this is for backwards compatibility only and should not be used,8.696963008116934e-06
LIGHTING_DESCRIPTION_Low energy lighting in 5% of fixed outlets,8.415746583652901e-06
"MAINHEAT_DESCRIPTION_Boiler and radiators, mains gas, Boiler and underfloor heating, electric",8.296466166687823e-06
"MAINHEAT_DESCRIPTION_Room heaters, coal",8.183507782549572e-06
"MAINHEAT_DESCRIPTION_Room heaters, oil",8.152357812169289e-06
LIGHTING_DESCRIPTION_Low energy lighting in 3% of fixed outlets,8.06809890605946e-06
"HOTWATER_DESCRIPTION_Electric immersion, off-peak, flue gas heat recovery",7.982755706067982e-06
MAIN_FUEL_biomass (community),7.95574249187697e-06
"MAINHEAT_DESCRIPTION_Room heaters, electric, Electric storage heaters",7.932043448846017e-06
FLOOR_DESCRIPTION_Average thermal transmittance 0.69 W/m-¦K,7.879743677111653e-06
"MAINHEAT_DESCRIPTION_Air source heat pump, fan coil units, electric",7.85608677007457e-06
FLOOR_DESCRIPTION_Average thermal transmittance 0.06 W/m-¦K,7.840331460273028e-06
FLOOR_DESCRIPTION_Average thermal transmittance 0.36 W/m-¦K,7.837432543214778e-06
"MAINHEATCONT_DESCRIPTION_Flat rate charging, programmer and at least two room thermostats",7.832362570187107e-06
FLOOR_DESCRIPTION_Average thermal transmittance 0.76 W/m-¦K,7.82259075084015e-06
WALLS_DESCRIPTION_Average thermal transmittance 0.61 W/m-¦K,7.711636430578387e-06
"MAINHEAT_DESCRIPTION_Room heaters, electric, Room heaters, electric",7.685401828017439e-06
WALLS_DESCRIPTION_Average thermal transmittance 0.51 W/m-¦K,7.67304212467908e-06
FLOOR_DESCRIPTION_Average thermal transmittance 0.33 W/m-¦K,7.646340973306147e-06
"MAINHEATCONT_DESCRIPTION_Charging system linked to use of community heating, programmer and room thermostat",7.63091521090038e-06
WALLS_DESCRIPTION_Average thermal transmittance 1.44 W/m-¦K,7.59206570274941e-06
"HOTWATER_DESCRIPTION_Electric immersion, standard tariff, plus solar",7.540894685535931e-06
MAINHEATCONT_DESCRIPTION_Programmer room thermostat and TRVs,7.387907936136656e-06
"MAINHEAT_DESCRIPTION_Boiler, mains gas",7.367909279559882e-06
WALLS_DESCRIPTION_Average thermal transmittance 1.53 W/m-¦K,7.31838287548795e-06
FLOOR_DESCRIPTION_Average thermal transmittance 0.75 W/m-¦K,7.238976110046183e-06
FLOOR_DESCRIPTION_Average thermal transmittance 0.42 W/m-¦K,7.174928489518614e-06
FLOOR_DESCRIPTION_Average thermal transmittance 0.77 W/m-¦K,7.140869131667318e-06
"MAINHEAT_DESCRIPTION_Boiler and underfloor heating, mains gas, Air source heat pump, underfloor, electric",7.1176253172314895e-06
LIGHTING_DESCRIPTION_Low energy lighting in 34% of fixed outlets,7.107795413247511e-06
"MAINHEAT_DESCRIPTION_Boiler and radiators, oil, Electric underfloor heating",7.09074276476179e-06
ROOF_DESCRIPTION_Average thermal transmittance 0.4 W/m-¦K,7.080660883346221e-06
"WALLS_DESCRIPTION_Granite or whinstone, as built, partial insulation (assumed)",7.069727240137616e-06
"HOTWATER_DESCRIPTION_Oil range cooker, no cylinder thermostat",6.883639803511486e-06
"MAINHEAT_DESCRIPTION_Boiler and radiators, electric, Boiler and radiators, electric",6.766498233332248e-06
HOTWATER_DESCRIPTION_Gas instantaneous at point of use,6.678135064137246e-06
ROOF_DESCRIPTION_Average thermal transmittance 1.87 W/m-¦K,6.6696623742795725e-06
MAIN_FUEL_anthracite,6.626779254006066e-06
ROOF_DESCRIPTION_Average thermal transmittance 0.27 W/m-¦K,6.552927327548095e-06
"MAINHEAT_DESCRIPTION_Boiler and radiators, mains gas, Room heaters, electric",6.536914855240993e-06
MAIN_FUEL_appliances able to use mineral oil or liquid biofuel,6.528964265234534e-06
"WALLS_DESCRIPTION_Sandstone, with internal insulation",6.377493899374817e-06
"MAINHEAT_DESCRIPTION_Warm air, oil",6.231384453914747e-06
"MAINHEAT_DESCRIPTION_Ground source heat pump, radiators and underfloor, electric",6.199002486564254e-06
"MAINHEAT_DESCRIPTION_Air source heat pump, radiators and underfloor, electric, Air source heat pump, radiators and underfloor, electric",6.186491559246187e-06
"MAINHEAT_DESCRIPTION_Boiler and radiators, LPG, Boiler and radiators, wood logs",6.1726289801015335e-06
TRANSACTION_TYPE_re-mortgaging,6.119197231074817e-06
"MAINHEAT_DESCRIPTION_Ground source heat pump, Underfloor heating, pipes in screed above insulation, electric",6.104555383030605e-06
WINDOWS_DESCRIPTION_Mostly triple glazing,6.075861013332072e-06
"MAINHEAT_DESCRIPTION_Electric storage heaters, Boiler and radiators, coal",6.030028576298177e-06
FLOOR_DESCRIPTION_Average thermal transmittance 0.57 W/m-¦K,6.0286972629986984e-06
ROOF_DESCRIPTION_Average thermal transmittance 0.22 W/m-¦K,6.0165167050866174e-06
CONSTRUCTION_AGE_BAND_2017,6.006520702119602e-06
"MAINHEAT_DESCRIPTION_Air source heat pump ,underfloor, electric",6.002106288296578e-06
"MAINHEAT_DESCRIPTION_Ground source heat pump, Underfloor heating and radiators, pipes in screed above insulation, electric",5.830257429374874e-06
"MAINHEAT_DESCRIPTION_Boiler & underfloor, oil",5.772328464060774e-06
ROOF_DESCRIPTION_Average thermal transmittance 0.31 W/m-¦K,5.768358057449901e-06
"MAINHEATCONT_DESCRIPTION_Flat rate charging, room thermostat and TRVs",5.7044453737272304e-06
MECHANICAL_VENTILATION_positive input from outside,5.702478387452622e-06
ROOF_DESCRIPTION_Average thermal transmittance 2.30 W/m-¦K,5.651562347430907e-06
WALLS_DESCRIPTION_Average thermal transmittance 2.02 W/m-¦K,5.568037301282936e-06
"MAINHEAT_DESCRIPTION_Electric storage heaters, Boiler and radiators, oil",5.3543048489269415e-06
FLOOR_DESCRIPTION_Average thermal transmittance 0.30 W/m-¦K,5.233058010442308e-06
FLOOR_DESCRIPTION_Average thermal transmittance 0.93 W/m-¦K,5.219955256105957e-06
WALLS_DESCRIPTION_Average thermal transmittance 0.62 W/m-¦K,5.212479712869636e-06
"MAINHEAT_DESCRIPTION_Electric storage heaters, Boiler and radiators, wood logs",5.186147431518935e-06
"MAINHEAT_DESCRIPTION_Ground source heat pump, Underfloor heating, pipes in insulated timber floor, electric",5.173835368812274e-06
"MAINHEAT_DESCRIPTION_Boiler and radiators, LPG, Electric storage heaters",5.131542284301428e-06
CONSTRUCTION_AGE_BAND_1929,5.130211406727519e-06
FLOOR_DESCRIPTION_Average thermal transmittance 1.2 W/m-¦K,5.103219035659867e-06
"MAINHEAT_DESCRIPTION_Boiler and radiators, mains gas, Air source heat pump, warm air, electric",5.064583255114354e-06
CONSTRUCTION_AGE_BAND_1960,5.048257410453654e-06
"MAINHEAT_DESCRIPTION_Boiler and radiators, anthracite",4.988449501235274e-06
WALLS_DESCRIPTION_Average thermal transmittance 0.75 W/m-¦K,4.977733573822838e-06
FLOOR_DESCRIPTION_Average thermal transmittance 0.37 W/m-¦K,4.903711674215097e-06
"MAINHEAT_DESCRIPTION_Boiler and radiators, wood chips",4.883841027826603e-06
ROOF_DESCRIPTION_Average thermal transmittance 0.46 W/m-¦K,4.855199689763097e-06
WALLS_DESCRIPTION_Average thermal transmittance 0.76 W/m-¦K,4.749648086033146e-06
"MAINHEAT_DESCRIPTION_Boiler and radiators, oil, Boiler and radiators, LPG",4.680758368071291e-06
"MAINHEAT_DESCRIPTION_Room heaters, electric, Electric underfloor heating",4.623497069376931e-06
"HOTWATER_DESCRIPTION_Electric instantaneous at point of use, plus solar",4.622034175537424e-06
FLOOR_DESCRIPTION_Average thermal transmittance 0.56 W/m-¦K,4.610763752477431e-06
"HOTWATER_DESCRIPTION_Electric heat pump for water heating only, plus solar",4.589852449535296e-06
"MAINHEAT_DESCRIPTION_Boiler and underfloor heating, oil, Electric underfloor heating",4.542074761978006e-06
WIND_TURBINE_COUNT,4.526648215076452e-06
"MAINHEAT_DESCRIPTION_Boiler and radiators, oil, Air source heat pump, radiators, electric",4.52553607695626e-06
FLOOR_DESCRIPTION_Average thermal transmittance 1.20 W/m-¦K,4.4620218174547445e-06
WALLS_DESCRIPTION_Average thermal transmittance 0.81 W/m-¦K,4.418650918364723e-06
ROOF_DESCRIPTION_Average thermal transmittance 0.59 W/m-¦K,4.381379970496467e-06
WALLS_DESCRIPTION_Average thermal transmittance 0.6 W/m-¦K,4.319882380141277e-06
"MAINHEAT_DESCRIPTION_Electric underfloor heating, Electric storage heaters",4.288301573443961e-06
FLOOR_DESCRIPTION_Average thermal transmittance 0.41 W/m-¦K,4.272345870318461e-06
"MAINHEAT_DESCRIPTION_Air source heat pump, Underfloor heating and radiators, pipes in insulated timber floor, electric",4.236283507118742e-06
WALLS_DESCRIPTION_Average thermal transmittance 0.80 W/m-¦K,4.225872727929231e-06
ROOF_DESCRIPTION_Average thermal transmittance 0.06 W/m-¦K,4.1484225560399055e-06
LIGHTING_DESCRIPTION_Low energy lighting in 51% of fixed outlets,4.133509462951297e-06
"HOTWATER_DESCRIPTION_Electric instantaneous at point of use, flue gas heat recovery",4.126726709804165e-06
FLOOR_DESCRIPTION_Average thermal transmittance 4.38 W/m-¦K,4.037139977622758e-06
MAINHEAT_DESCRIPTION_Portable electric heating assumed for most rooms,3.998355796121303e-06
MECHANICAL_VENTILATION_positive input from loft,3.980430244556747e-06
"MAINHEAT_DESCRIPTION_Warm air, mains gas, Warm air, mains gas",3.940413614523334e-06
ROOF_DESCRIPTION_Average thermal transmittance 0.40 W/m-¦K,3.882591825066058e-06
ROOF_DESCRIPTION_Average thermal transmittance 0.14 W/m+é-¦K,3.8590333240459905e-06
"ROOF_DESCRIPTION_Pitched, 0 mm loft insulation",3.841957440426251e-06
"HOTWATER_DESCRIPTION_From main system, no cylinder thermostat, plus solar",3.827316765135258e-06
WALLS_DESCRIPTION_Average thermal transmittance 0.28 W/m+é-¦K,3.7928148931222125e-06
"MAINHEAT_DESCRIPTION_Boiler and radiators, oil, Boiler and radiators, electric",3.7889581944861684e-06
ROOF_DESCRIPTION_Average thermal transmittance 2.3 W/m-¦K,3.766844562872431e-06
WALLS_DESCRIPTION_Average thermal transmittance 1.80 W/m-¦K,3.7108315553530606e-06
"MAINHEAT_DESCRIPTION_Boiler and radiators, LPG, Boiler and radiators, LPG",3.6299400565877945e-06
"MAINHEAT_DESCRIPTION_Electric storage heaters, Boiler and radiators, mains gas",3.619530191726295e-06
FLOOR_DESCRIPTION_Average thermal transmittance 0.16 W/m+é-¦K,3.6144568366524225e-06
FLOOR_DESCRIPTION_Average thermal transmittance 0.47 W/m-¦K,3.614187589940731e-06
"WALLS_DESCRIPTION_Sandstone or limestone, with internal insulation",3.6131307926659242e-06
FLOOR_DESCRIPTION_Average thermal transmittance 0.82 W/m-¦K,3.5547399891358193e-06
FLOOR_DESCRIPTION_Average thermal transmittance 1.8 W/m-¦K,3.503543233690545e-06
WALLS_DESCRIPTION_Basement wall,3.4733136337113493e-06
GLAZED_TYPE_single glazing,3.419408483030325e-06
HOTWATER_DESCRIPTION_No hot water system present - electric immersion assumed,3.410676273993524e-06
FLOOR_DESCRIPTION_Solid,3.3946306559216544e-06
FLOOR_DESCRIPTION_Average thermal transmittance 0.78 W/m-¦K,3.365543103677989e-06
HOTWATER_DESCRIPTION_Solid fuel range cooker,3.363201894163439e-06
"MAINHEAT_DESCRIPTION_Boiler and radiators, oil, Boiler and underfloor heating, LPG",3.3586712174909744e-06
WALLS_DESCRIPTION_Average thermal transmittance 3.01 W/m-¦K,3.342415586085713e-06
WALLS_DESCRIPTION_Average thermal transmittance 0.70 W/m-¦K,3.330806315926628e-06
"MAINHEAT_DESCRIPTION_Boiler and radiators, B30K, Boiler and underfloor heating, B30K",3.3092464700346494e-06
"MAINHEAT_DESCRIPTION_Air source heat pump ,radiators, electric",3.258209989991951e-06
FLOOR_DESCRIPTION_Average thermal transmittance 0.6 W/m-¦K,3.185003695753599e-06
BUILT_FORM_NO DATA!,3.1753595399568774e-06
MAIN_FUEL_Solid fuel: dual fuel appliance (mineral and wood),3.1348273659743497e-06
WALLS_DESCRIPTION_Average thermal transmittance 0.79 W/m-¦K,3.0966782580775514e-06
WINDOWS_DESCRIPTION_Some triple glazing,3.090715367728773e-06
ROOF_DESCRIPTION_Average thermal transmittance 0.3 W/m-¦K,3.0454068242718407e-06
"MAINHEAT_DESCRIPTION_Ground source heat pump, radiators, electric, Ground source heat pump, radiators, electric",3.0046384441295754e-06
WALLS_DESCRIPTION_Average thermal transmittance 2.21 W/m-¦K,2.9968988395880384e-06
WINDOWS_DESCRIPTION_Some multiple glazing,2.9654088230522543e-06
FLOOR_DESCRIPTION_Average thermal transmittance 0.3 W/m-¦K,2.956469006956907e-06
"FLOOR_DESCRIPTION_To external air, insulated",2.9367623531407105e-06
WALLS_DESCRIPTION_Average thermal transmittance 1.55 W/m-¦K,2.882109468828121e-06
MAIN_FUEL_Solid fuel: wood logs,2.834463888840695e-06
"MAINHEAT_DESCRIPTION_Boiler and underfloor heating, oil, Boiler and underfloor heating, oil",2.8148042101605597e-06
"MAINHEAT_DESCRIPTION_Water source heat pump, underfloor, electric",2.814009332661975e-06
WALLS_DESCRIPTION_Average thermal transmittance 2.05 W/m-¦K,2.798711586007365e-06
WALLS_DESCRIPTION_Average thermal transmittance 0.77 W/m-¦K,2.780773795655189e-06
CONSTRUCTION_AGE_BAND_1992,2.7783230041327565e-06
FLOOR_DESCRIPTION_Average thermal transmittance 0.51 W/m-¦K,2.7476968025812188e-06
"MAINHEAT_DESCRIPTION_Water source heat pump, warm air, electric",2.7233710542689277e-06
"MAINHEAT_DESCRIPTION_Water source heat pump, radiators, electric",2.7100803735226663e-06
"MAINHEAT_DESCRIPTION_Boiler and radiators, LPG, Air source heat pump, radiators, electric",2.6949984352361434e-06
"MAINHEAT_DESCRIPTION_Boiler and radiators, LPG, Boiler and underfloor heating, mains gas",2.619680807393866e-06
WALLS_DESCRIPTION_Average thermal transmittance 1.98 W/m-¦K,2.613875134456048e-06
"MAINHEAT_DESCRIPTION_Air source heat pump, warm air, electric, Air source heat pump, underfloor, electric",2.597329269633104e-06
WALLS_DESCRIPTION_Average thermal transmittance 0.97 W/m-¦K,2.5727518506986304e-06
"MAINHEAT_DESCRIPTION_Air source heat pump, radiators, electric, Room heaters, wood logs",2.5711969221439305e-06
WALLS_DESCRIPTION_Average thermal transmittance 0.84 W/m-¦K,2.56774235050284e-06
"MAINHEAT_DESCRIPTION_Boiler and radiators, oil, Room heaters, electric",2.5603367813497465e-06
MAIN_FUEL_wood chips,2.537747217257679e-06
FLOOR_DESCRIPTION_Average thermal transmittance 0.49 W/m-¦K,2.4770426455812634e-06
FLOOR_DESCRIPTION_Average thermal transmittance 1.26 W/m-¦K,2.4056878999263884e-06
"MAINHEAT_DESCRIPTION_Room heaters, smokeless fuel",2.3992126117914404e-06
"MAINHEAT_DESCRIPTION_Boiler and radiators, LPG, Boiler and radiators, coal",2.3619462238105176e-06
MAIN_FUEL_smokeless coal,2.3606111826554646e-06
ROOF_DESCRIPTION_Average thermal transmittance 0.33 W/m-¦K,2.354135500054941e-06
MAIN_FUEL_Gas: bottled LPG,2.341291569383722e-06
CONSTRUCTION_AGE_BAND_2015,2.333296189604346e-06
"HOTWATER_DESCRIPTION_From main system, plus solar, waste water heat recovery",2.2421105072735537e-06
"MAINHEAT_DESCRIPTION_Air source heat pump, underfloor, electric, Boiler and underfloor heating, mains gas",2.216806355883782e-06
WALLS_DESCRIPTION_Average thermal transmittance 1.48 W/m-¦K,2.1969763739936497e-06
"MAINHEAT_DESCRIPTION_Air source heat pump, radiators, electric, Boiler and radiators, oil",2.1896701561209014e-06
WALLS_DESCRIPTION_Average thermal transmittance 1.27 W/m-¦K,2.1890856338333807e-06
"MAINHEAT_DESCRIPTION_Boiler and radiators, LPG, Air source heat pump, warm air, electric",2.1784881627306096e-06
ENERGY_TARIFF_INVALID!,2.160010187806021e-06
"MAINHEAT_DESCRIPTION_Warm air, mains gas, Boiler and underfloor heating, mains gas",2.1375204146016462e-06
"MAINHEAT_DESCRIPTION_Air source heat pump, underfloor, electric, Boiler and radiators, mains gas",2.1353563564212252e-06
"WALLS_DESCRIPTION_Cob, with internal insulation",2.1340615750480374e-06
"MAINHEAT_DESCRIPTION_Room heaters, B30K",2.1218992287468706e-06
FLOOR_DESCRIPTION_Average thermal transmittance 0.68 W/m-¦K,2.0906446201866996e-06
"HOTWATER_DESCRIPTION_Solid fuel boiler/circulator, no cylinder thermostat",2.069254590067011e-06
LIGHTING_DESCRIPTION_Low energy lighting in 49% of fixed outlets,2.0500263507934174e-06
"WALLS_DESCRIPTION_Granite or whin, with external insulation",2.039641450813124e-06
ROOF_DESCRIPTION_Average thermal transmittance 0.65 W/m-¦K,2.0373371642146272e-06
CONSTRUCTION_AGE_BAND_1920,2.0179081893622253e-06
"MAINHEAT_DESCRIPTION_Boiler and radiators, mains gas, Room heaters, mains gas",1.9921113102470415e-06
"MAINHEAT_DESCRIPTION_Boiler, electric",1.989293234487385e-06
"MAINHEAT_DESCRIPTION_Electric ceiling heating, Electric underfloor heating",1.9788726212171953e-06
FLOOR_DESCRIPTION_Average thermal transmittance 0.74 W/m-¦K,1.9658973291605755e-06
"HOTWATER_DESCRIPTION_Electric heat pump for water heating only, no cylinder thermostat",1.954267618563368e-06
"MAINHEAT_DESCRIPTION_Portable electric heating assumed for most rooms, Room heaters, electric",1.940424603130376e-06
"MAINHEAT_DESCRIPTION_Boiler and radiators, LPG, Boiler and radiators, bottled LPG",1.915945748781123e-06
ROOF_DESCRIPTION_Average thermal transmittance 1.62 W/m-¦K,1.9131449624098684e-06
ROOF_DESCRIPTION_Average thermal transmittance 0.48 W/m-¦K,1.9118341926787093e-06
"MAINHEAT_DESCRIPTION_Electric ceiling heating, Electric storage heaters",1.9063824784090583e-06
ROOF_DESCRIPTION_Average thermal transmittance 0.75 W/m-¦K,1.878216559535703e-06
"MAINHEAT_DESCRIPTION_Warm air, Electricaire, Electric underfloor heating",1.8589694307439986e-06
FLOOR_DESCRIPTION_Average thermal transmittance 0.99 W/m-¦K,1.8567139333856448e-06
"MAINHEAT_DESCRIPTION_Air source heat pump, underfloor, electric, Boiler and underfloor heating, electric",1.8522635030963194e-06
"MAINHEAT_DESCRIPTION_Electric underfloor heating, Electric ceiling heating",1.8321787494768362e-06
"MAINHEAT_DESCRIPTION_Room heaters, electric, Room heaters, coal",1.775811122763097e-06
WALLS_DESCRIPTION_Average thermal transmittance 0.89 W/m-¦K,1.7536741695982052e-06
"HOTWATER_DESCRIPTION_Gas boiler/circulator, no cylinder thermostat, plus solar",1.7480861987470629e-06
"MAINHEAT_DESCRIPTION_Boiler and radiators, mains gas, Air source heat pump, underfloor, electric",1.7351295309707784e-06
FLOOR_DESCRIPTION_Average thermal transmittance 0.85 W/m-¦K,1.7070344330099774e-06
"MAINHEAT_DESCRIPTION_Electric ceiling heating, electric",1.703584792539505e-06
"MAINHEAT_DESCRIPTION_Boiler with radiators and underfloor heating, mains gas, Room heaters, electric",1.6991680259174658e-06
"MAINHEAT_DESCRIPTION_Boiler with radiators and underfloor heating, LPG",1.6798124253277103e-06
HOTWATER_DESCRIPTION_From secondary system,1.6476968205992703e-06
WALLS_DESCRIPTION_Average thermal transmittance 1.6 W/m-¦K,1.6279042421591169e-06
FLOOR_DESCRIPTION_Average thermal transmittance 0.94 W/m-¦K,1.6229818349358345e-06
HOTWATER_DESCRIPTION_Oil range cooker,1.6053535644094735e-06
WALLS_DESCRIPTION_Average thermal transmittance 0.72 W/m-¦K,1.593512421162394e-06
WALLS_DESCRIPTION_Average thermal transmittance 1.59 W/m-¦K,1.5382996232771987e-06
ROOF_DESCRIPTION_Average thermal transmittance 0.37 W/m-¦K,1.5243836581514183e-06
"MAINHEAT_DESCRIPTION_Electric underfloor heating, Room heaters, electric",1.4833391811160058e-06
"WALLS_DESCRIPTION_Sandstone, as built, insulated (assumed)",1.472148135681934e-06
"MAINHEAT_DESCRIPTION_Air source heat pump, radiators and underfloor, electric, Boiler and radiators, mains gas",1.4619335279076804e-06
WINDOWS_DESCRIPTION_Partial triple glazing,1.458294265787518e-06
WALLS_DESCRIPTION_Average thermal transmittance 0.83 W/m-¦K,1.4557912161886518e-06
"HOTWATER_DESCRIPTION_Solid fuel range cooker, no cylinder thermostat",1.4177922450802072e-06
"MAINHEAT_DESCRIPTION_Boiler and radiators, electric, Boiler and radiators, mains gas",1.4112525940954504e-06
"MAINHEAT_DESCRIPTION_Room heaters, mains gas, Room heaters, mains gas",1.4007563517795422e-06
FLOOR_DESCRIPTION_Average thermal transmittance 0.46 W/m-¦K,1.3976485889726243e-06
"ROOF_DESCRIPTION_Pitched, *** INVALID INPUT Code : 57 *** loft insulation",1.397217408056597e-06
WALLS_DESCRIPTION_Average thermal transmittance 1.7 W/m-¦K,1.3889526933910956e-06
"HOTWATER_DESCRIPTION_No system present: electric immersion assumed, plus solar",1.3664010216951413e-06
"MAINHEAT_DESCRIPTION_Boiler and radiators, mains gas, Air source heat pump, radiators, electric",1.3435709322926818e-06
FLOOR_DESCRIPTION_Average thermal transmittance 0.80 W/m-¦K,1.319813865717614e-06
"MAINHEAT_DESCRIPTION_Room heaters, dual fuel (mineral and wood), Room heaters, electric",1.3154090509887608e-06
HOTWATER_DESCRIPTION_Oil boiler/circulator,1.3118831609239543e-06
"MAINHEAT_DESCRIPTION_Boiler with radiators and underfloor heating, LPG, Air source heat pump, radiators and underfloor, electric",1.2867395557533733e-06
"MAINHEAT_DESCRIPTION_Ground source heat pump , electric",1.2668193854325566e-06
"MAINHEAT_DESCRIPTION_Ground source heat pump, underfloor, electric, Ground source heat pump, radiators, electric",1.263562161161799e-06
FLOOR_DESCRIPTION_Average thermal transmittance 0.7 W/m-¦K,1.2600377240338625e-06
WALLS_DESCRIPTION_Average thermal transmittance 1.78 W/m-¦K,1.2517594643385912e-06
WALLS_DESCRIPTION_Average thermal transmittance 1.28 W/m-¦K,1.202108136499387e-06
"ROOF_DESCRIPTION_Roof room(s), limited insulation",1.1454094330796642e-06
"MAINHEAT_DESCRIPTION_Room heaters, mains gas, Electric storage heaters",1.1450997276621905e-06
"MAINHEAT_DESCRIPTION_Electric storage heaters, Boiler and radiators, electric",1.1337076648328592e-06
WALLS_DESCRIPTION_Average thermal transmittance 0.74 W/m-¦K,1.1227161659675826e-06
"HOTWATER_DESCRIPTION_Gas range cooker, no cylinder thermostat",1.1181758319528818e-06
"MAINHEAT_DESCRIPTION_Room heaters, wood logs, Electric storage heaters",1.1150991094429338e-06
"MAINHEAT_DESCRIPTION_Micro-cogeneration, mains gas, Micro-cogeneration, mains gas",1.0985018361591967e-06
"MAINHEAT_DESCRIPTION_Boiler and radiators, electric, Boiler and underfloor heating, electric",1.0342196930504302e-06
LIGHTING_DESCRIPTION_Low energy lighting in 2% of fixed outlets,1.0287466382280376e-06
"MAINHEAT_DESCRIPTION_Boiler and radiators, mains gas, Warm air, mains gas",1.004969168138603e-06
"MAINHEAT_DESCRIPTION_Boiler and radiators, wood logs, Electric storage heaters",1.0002680926412836e-06
"MAINHEAT_DESCRIPTION_Boiler and radiators, ",9.558732213413716e-07
"MAINHEAT_DESCRIPTION_Boiler with radiators and underfloor heating, mains gas, Boiler and radiators, mains gas",9.290074331133876e-07
MAINHEATCONT_DESCRIPTION_Automatic charge control ,9.14938973691162e-07
FLOOR_DESCRIPTION_Average thermal transmittance 1.06 W/m-¦K,9.108374292387575e-07
"MAINHEAT_DESCRIPTION_Room heaters, electric, Room heaters, mains gas",9.018882767755351e-07
MAIN_FUEL_biogas (not community),8.532049086027462e-07
WALLS_DESCRIPTION_Average thermal transmittance 1.12 W/m-¦K,8.270080266848658e-07
FLOOR_DESCRIPTION_Average thermal transmittance 0.45 W/m-¦K,7.931488142823503e-07
HOTWATER_DESCRIPTION_Gas range cooker,7.679661489365696e-07
FLOOR_DESCRIPTION_Average thermal transmittance 0.89 W/m-¦K,7.60502814919812e-07
ROOF_DESCRIPTION_Average thermal transmittance 0.50 W/m-¦K,7.299159940422405e-07
WALLS_DESCRIPTION_Average thermal transmittance 1.3 W/m-¦K,6.331438353589509e-07
ROOF_DESCRIPTION_Average thermal transmittance 0.30 W/m-¦K,6.129877316204252e-07
ROOF_DESCRIPTION_Average thermal transmittance 0.54 W/m-¦K,5.907512811897421e-07
"MAINHEAT_DESCRIPTION_Boiler and radiators, mains gas, Boiler and underfloor heating, LPG",5.689621271050566e-07
"MAINHEAT_DESCRIPTION_Room heaters, electric, Air source heat pump, warm air, electric",5.528836189418985e-07
"MAINHEAT_DESCRIPTION_Boiler and radiators, smokeless fuel",5.431265332814299e-07
"MAINHEAT_DESCRIPTION_Warm air, oil, Electric storage heaters",5.362555441725123e-07
"MAINHEAT_DESCRIPTION_Ground source heat pump, radiators, electric, Ground source heat pump, underfloor, electric",5.163845979500323e-07
WALLS_DESCRIPTION_Average thermal transmittance 0.66 W/m-¦K,5.160532416094515e-07
"MAINHEAT_DESCRIPTION_Air source heat pump, underfloor, electric, Boiler and radiators, oil",5.039566806376564e-07
"MAINHEAT_DESCRIPTION_Electric storage heaters, Electric ceiling heating",4.80427601527172e-07
"MAINHEAT_DESCRIPTION_Boiler and radiators, LPG, Room heaters, wood logs",4.800527809126024e-07
CONSTRUCTION_AGE_BAND_2009,4.6474751367779286e-07
"MAINHEAT_DESCRIPTION_Warm air, mains gas, Boiler and radiators, mains gas",4.453771647777543e-07
"MAINHEAT_DESCRIPTION_Boiler and radiators, oil, Electric storage heaters",4.1073221202374207e-07
ROOF_DESCRIPTION_(another premises above),4.0255774213477156e-07
"HOTWATER_DESCRIPTION_From secondary system, no cylinder thermostat",3.252857471606443e-07
MAINHEATCONT_DESCRIPTION_Flat rate charging room thermostat and TRVs,3.2216551088321126e-07
FLOOR_DESCRIPTION_Average thermal transmittance 0.2 W/m-¦K,3.0151507085161606e-07
MAINHEATCONT_DESCRIPTION_Not relevant (supplies DHW only),2.6767135139409647e-07
"MAINHEAT_DESCRIPTION_Electric ceiling heating, Room heaters, electric",2.533606674952321e-07
MAIN_FUEL_electricity (community),2.4019683856034873e-07
"MAINHEAT_DESCRIPTION_Community scheme, Electric storage heaters",1.8195988724346806e-07
"MAINHEAT_DESCRIPTION_Air source heat pump, underfloor, mains gas",1.796618406552601e-07
"MAINHEAT_DESCRIPTION_Warm air, mains gas, Electric storage heaters",1.788332825451623e-07
"HOTWATER_DESCRIPTION_From main system, no cylinder thermostat, waste water heat recovery",1.150373403689388e-07
"WALLS_DESCRIPTION_Granite or whin, with internal insulation",6.930300204054689e-08
"MAINHEAT_DESCRIPTION_Air source heat pump, Underfloor heating and radiators, pipes in concrete slab, electric",6.807823051587704e-08
"MAINHEAT_DESCRIPTION_Micro-cogeneration, mains gas, Boiler and radiators, mains gas",6.654457108665729e-08
ROOF_DESCRIPTION_Average thermal transmittance 0.53 W/m-¦K,6.132935217402517e-08
WALLS_DESCRIPTION_Average thermal transmittance 0.08 W/m-¦K,5.131143847421175e-08
FLOOR_DESCRIPTION_Average thermal transmittance 0.88 W/m-¦K,4.29076091846936e-08
CONSTRUCTION_AGE_BAND_1930,4.2255394088295777e-08
WALLS_DESCRIPTION_Average thermal transmittance 1.67 W/m-¦K,2.4462941265163495e-08
"MAINHEATCONT_DESCRIPTION_Programmer, TRVs and flow switch",1.0562739352730034e-08
"MAINHEAT_DESCRIPTION_Boiler and radiators, mains gas, , underfloor, electric",5.373591573820003e-09
WALLS_DESCRIPTION_Average thermal transmittance 0.05 W/m-¦K,1.7610162620608614e-10
CONSTRUCTION_AGE_BAND_2013,7.519564590743085e-11
ENERGY_TARIFF_5,1.2865838041104283e-11
CONSTRUCTION_AGE_BAND_2012,0.0
TRANSACTION_TYPE_unknown,0.0
LIGHTING_DESCRIPTION_Low energy lighting in 1% of fixed outlets,0.0
"HOTWATER_DESCRIPTION_Electric immersion, standard tariff, waste water heat recovery",0.0
"MAINHEAT_DESCRIPTION_Boiler and radiators, mains gas, Boiler with radiators and underfloor heating, mains gas",0.0
"MAINHEAT_DESCRIPTION_Boiler and underfloor heating, mains gas, Warm air, mains gas",0.0
"MAINHEAT_DESCRIPTION_Air source heat pump fan coil units, electric",0.0
"MAINHEAT_DESCRIPTION_Air source heat pump, warm air, electric, Boiler and radiators, mains gas",0.0
"MAINHEAT_DESCRIPTION_Warm air, mains gas, Electric underfloor heating",0.0
"MAINHEAT_DESCRIPTION_Boiler, mains gas, Boiler and radiators, mains gas",0.0
"MAINHEAT_DESCRIPTION_Warm air, ",0.0
"MAINHEAT_DESCRIPTION_Room heaters, anthracite",0.0
MAIN_FUEL_INVALID!,0.0
"WALLS_DESCRIPTION_Sandstone or limestone, as built, partial insulation (assumed)",0.0
"HOTWATER_DESCRIPTION_Gas multipoint, plus solar",0.0
MAIN_FUEL_LPG (community),0.0
"MAINHEAT_DESCRIPTION_Ground source heat pump, underfloor, electric, Ground source heat pump, underfloor, electric",0.0
"HOTWATER_DESCRIPTION_Oil boiler/circulator, no cylinder thermostat",0.0
WALLS_DESCRIPTION_Average thermal transmittance 0.82 W/m-¦K,0.0
"MAINHEAT_DESCRIPTION_Ground source heat pump, underfloor, electric, Boiler and radiators, mains gas",0.0
"MAINHEAT_DESCRIPTION_Ground source heat pump, fan coil units, electric",0.0
WALLS_DESCRIPTION_Average thermal transmittance 0.07 W/m-¦K,0.0
